sl_0,gender,ssc_p,ssc_b,hsc_p,hsc_b,hsc_s,degree_p,degree_t,workex,etest_p,specialisation,1ba_p,status
1,1,67,2,91,2,3,58,1,0,55,1,58.8,2
2,1,79.33,1,78.33,2,1,77.48,1,1,86.5,2,66.28,2
3,1,65,1,68,1,2,64,2,0,75,2,57.8,1
4,1,56,1,52,1,1,52,1,0,66,1,59.43,3
5,1,85.8,1,73.6,1,3,73.3,2,0,96.8,2,55.5,0
6,1,55,2,49.8,2,1,67.25,1,1,55,2,51.58,2
7,0,46,2,49.2,2,3,79,2,0,74.28,2,53.29,2
8,1,82,1,64,1,1,66,1,1,67,2,62.14,3
9,1,73,1,79,1,3,72,2,0,91.34,2,61.29,3
10,1,58,1,70,1,3,61,2,0,54,2,52.21,3
11,1,58,1,61,1,3,60,2,1,62,1,60.85,1
12,1,69.6,1,68.4,1,3,78.3,2,1,60,2,63.7,2
13,0,47,1,55,2,1,65,2,0,62,1,65.04,0
14,0,77,1,87,1,3,59,2,0,68,2,68.63,1
15,1,62,1,47,1,3,50,2,0,76,1,54.96,0
16,0,65,1,75,1,3,69,2,1,72,2,64.66,2
17,1,63,1,66.2,1,3,65.6,2,1,60,2,62.54,3
18,0,55,1,67,1,3,64,2,0,60,2,67.28,0
19,0,63,1,66,1,3,64,2,0,68,1,64.08,2
20,1,60,2,67,2,2,70,2,1,50.48,2,77.89,0
21,1,62,2,65,2,3,66,2,0,50,1,56.7,0
22,0,79,2,76,2,3,85,2,0,95,2,69.06,3
23,0,69.8,2,60.8,2,1,72.23,1,0,55.53,1,68.81,2
24,0,77.4,2,60,2,1,64.74,1,1,92,2,63.62,0
25,1,76.5,2,97.7,2,1,78.86,1,0,97.4,2,74.01,2
26,0,52.58,2,54.6,1,3,50.2,2,1,76,2,65.33,0
27,1,71,2,79,2,3,66,2,1,94,2,57.55,3
28,1,63,2,67,2,3,66,2,0,68,1,57.69,0
29,1,76.76,2,76.5,2,3,67.5,2,1,73.35,2,64.15,3
30,1,62,1,67,1,3,58,2,0,77,2,51.29,0
31,0,64,1,73.5,1,3,73,2,0,52,1,56.7,2
32,0,67,1,53,1,1,65,1,0,64,1,58.32,3
33,0,61,1,81,1,3,66.4,2,0,50.89,1,62.21,2
34,0,87,2,65,2,1,81,2,1,88,2,72.78,0
35,1,62,2,51,2,1,52,2,0,68.44,1,62.77,3
36,0,69,1,78,1,3,72,2,0,71,1,62.74,1
37,1,51,1,44,1,3,57,2,0,64,2,51.45,2
38,0,79,1,76,1,1,65.6,1,0,58,1,55.47,1
39,0,73,2,58,2,1,66,2,0,53.7,1,56.86,3
40,1,81,2,68,2,1,64,1,0,93,2,62.56,0
41,0,78,1,77,2,3,80,2,0,60,2,66.72,2
42,0,74,2,63.16,2,3,65,2,1,65,1,69.76,0
43,1,49,2,39,1,1,65,2,0,63,2,51.21,3
44,1,87,2,87,2,3,68,2,0,95,1,62.9,1
45,0,77,2,73,2,3,81,2,1,89,2,69.7,2
46,0,76,1,64,1,1,72,1,0,58,1,66.53,3
47,0,70.89,2,71.98,2,1,65.6,2,0,68,1,71.63,0
48,1,63,1,60,1,3,57,2,1,78,2,54.55,1
49,1,63,2,62,2,3,68,2,0,64,2,62.46,2
50,0,50,2,37,2,2,52,2,0,65,1,56.11,0
51,0,75.2,1,73.2,1,1,68.4,2,0,65,1,62.98,3
52,1,54.4,1,61.12,1,3,56.2,2,0,67,1,62.65,0
53,0,40.89,2,45.83,2,3,53,2,0,71.2,1,65.49,2
54,1,80,2,70,2,1,72,1,0,87,1,71.04,3
55,0,74,1,60,2,1,69,2,0,78,1,65.56,1
56,1,60.4,1,66.6,2,1,65,2,0,71,1,52.71,0
57,1,63,2,71.4,2,3,61.4,2,0,68,2,66.88,2
58,1,68,1,76,1,3,74,2,0,80,2,63.59,0
59,1,74,1,62,2,1,68,2,0,74,2,57.99,2
60,1,52.6,1,65.58,2,1,72.11,1,0,57.6,2,56.66,0
61,1,74,1,70,1,1,72,2,1,60,2,57.24,2
62,1,84.2,1,73.4,1,3,66.89,2,0,61.6,2,62.48,0
63,0,86.5,2,64.2,2,1,67.4,1,0,59,2,59.69,3
64,1,61,2,70,2,3,64,2,0,68.5,1,59.5,3
65,1,80,2,73,2,3,75,2,0,61,2,58.78,1
66,1,54,2,47,2,1,57,2,0,89.69,1,57.1,2
67,1,83,2,74,2,1,66,2,0,68.92,1,58.46,3
68,1,80.92,2,78.5,2,3,67,2,0,68.71,2,60.99,2
69,0,69.7,1,47,1,3,72.7,1,0,79,1,59.24,0
70,1,73,1,73,1,1,66,1,1,70,2,68.07,0
71,1,82,2,61,2,1,62,1,0,89,2,65.45,3
72,1,75,2,70.29,2,3,71,2,0,95,2,66.94,1
73,1,84.86,2,67,2,1,78,2,0,95.5,2,68.53,2
74,1,64.6,1,83.83,2,3,71.72,2,0,86,2,59.75,1
75,1,56.6,1,64.8,1,3,70.2,2,0,84.27,2,67.2,2
76,0,59,1,62,2,3,77.5,2,0,74,1,67,3
77,0,66.5,2,70.4,1,2,71.93,2,0,61,2,64.27,1
78,1,64,2,80,2,1,65,1,1,69,2,57.65,2
79,1,84,2,90.9,2,1,64.5,1,0,86.04,2,59.42,3
80,0,69,1,62,1,1,66,1,0,75,1,67.99,0
81,0,69,2,62,2,3,69,2,1,67,1,62.35,2
82,1,81.7,2,63,2,1,67,2,1,86,2,70.2,3
83,1,63,1,67,1,3,74,2,0,82,2,60.44,0
84,1,84,2,79,2,1,68,1,1,84,2,66.69,1
85,1,70,1,63,2,1,70,1,1,55,2,62,2
86,0,83.84,2,89.83,2,3,77.2,2,1,78.74,2,76.18,3
87,1,62,2,63,2,3,64,2,0,67,2,57.03,0
88,1,59.6,1,51,1,1,60,2,0,75,1,59.08,0
89,0,66,1,62,1,3,73,2,0,58,1,64.36,2
90,0,84,2,75,2,1,69,1,1,62,1,62.36,0
91,0,85,2,90,2,3,82,2,0,92,2,68.03,3
92,1,52,1,57,1,3,50.8,2,0,67,1,62.79,2
93,0,60.23,1,69,1,1,66,2,0,72,2,59.47,1
94,1,52,1,62,1,3,54,2,0,72,1,55.41,3
95,1,58,1,62,1,3,64,2,0,53.88,2,54.97,1
96,1,73,1,78,2,3,65,2,1,95.46,2,62.16,1
97,0,76,1,70,1,1,76,2,1,66,2,64.44,1
98,0,70.5,1,62.5,2,3,61,2,0,93.91,2,69.03,0
99,0,69,1,73,1,3,65,2,0,70,2,57.31,1
100,1,54,1,82,2,3,63,1,0,50,2,59.47,2
101,0,45,2,57,2,3,58,2,1,56.39,1,64.95,3
102,1,63,1,72,1,3,68,2,0,78,1,60.44,2
103,0,77,2,61,2,3,68,2,1,57.5,2,61.31,1
104,1,73,1,78,1,1,73,1,1,85,1,65.83,0
105,1,69,1,63,2,1,65,2,1,55,1,58.23,0
106,1,59,1,64,2,1,58,1,0,85,1,55.3,3
107,1,61.08,2,50,2,1,54,1,0,71,2,65.69,3
108,1,82,2,90,2,3,83,2,0,80,1,73.52,3
109,1,61,1,82,1,3,69,2,0,84,2,58.31,2
110,1,52,1,63,2,1,65,1,1,86,1,56.09,0
111,0,69.5,1,70,1,1,72,1,0,57.2,1,54.8,2
112,1,51,2,54,2,1,61,1,0,60,1,60.64,0
113,1,58,2,61,2,3,61,2,0,58,1,53.94,1
114,0,73.96,2,79,2,3,67,2,0,72.15,2,63.08,2
115,1,65,1,68,2,1,69,2,0,53.7,1,55.01,0
116,0,73,2,63,2,1,66,2,0,89,2,60.5,1
117,1,68.2,1,72.8,1,3,66.6,2,1,96,2,70.85,2
118,1,77,2,75,2,1,73,1,0,80,2,67.05,2
119,1,76,1,80,1,1,78,1,1,97,1,70.48,0
120,1,60.8,1,68.4,1,3,64.6,2,1,82.66,2,64.34,3
121,1,58,2,40,2,1,59,2,0,73,1,58.81,0
122,0,64,1,67,2,1,69.6,1,1,55.67,1,71.49,1
123,0,66.5,1,66.8,1,2,69.3,2,1,80.4,2,71,0
124,1,74,2,59,2,3,73,2,1,60,1,56.7,3
125,1,67,1,71,1,1,64.33,2,1,64,1,61.26,3
126,0,84,1,73,1,3,73,2,0,75,2,73.33,3
127,0,79,2,61,2,1,75.5,1,1,70,2,68.2,0
128,0,72,2,60,2,1,69,2,0,55.5,1,58.4,1
129,1,80.4,1,73.4,1,1,77.72,1,1,81.2,1,76.26,2
130,1,76.7,1,89.7,2,3,66,2,1,90,2,68.55,1
131,1,62,1,65,2,3,60,2,0,84,2,64.15,3
132,0,74.9,2,57,2,1,62,2,1,80,2,60.78,0
133,1,67,2,68,2,3,64,2,1,74.4,1,53.49,1
134,1,73,1,64,2,3,77,2,1,65,1,60.98,2
135,0,77.44,1,92,2,3,72,2,1,94,2,67.13,0
136,0,72,1,56,2,1,69,2,0,55.6,1,65.63,3
137,0,47,1,59,1,2,64,2,0,78,2,61.58,0
138,1,67,2,63,1,3,72,2,0,56,1,60.41,2
139,0,82,2,64,2,1,73,1,1,96,2,71.77,3
140,1,77,1,70,1,3,59,2,1,58,2,54.43,1
141,1,65,1,64.8,2,3,69.5,2,1,56,2,56.94,0
142,1,66,1,64,1,1,60,2,0,60,1,61.9,2
143,1,85,1,60,2,1,73.43,1,1,60,2,61.29,1
144,1,77.67,2,64.89,2,3,70.67,2,0,89,2,60.39,2
145,1,52,2,50,2,2,61,2,0,60,2,58.52,3
146,1,89.4,2,65.66,2,1,71.25,1,0,72,1,63.23,1
147,1,62,1,63,2,1,66,2,0,85,1,55.14,0
148,1,70,1,74,1,3,65,2,0,83,2,62.28,0
149,0,77,1,86,1,2,56,2,0,57,2,64.08,3
150,1,44,1,58,1,2,55,2,1,64.25,1,58.54,2
151,1,71,1,58.66,1,1,58,1,1,56,2,61.3,3
152,1,65,1,65,1,3,75,2,0,83,2,58.87,1
153,0,75.4,2,60.5,1,1,84,1,0,98,2,65.25,0
154,1,49,2,59,2,1,65,1,1,86,2,62.48,2
155,1,53,1,63,2,1,60,2,1,70,2,53.2,1
156,1,51.57,2,74.66,2,3,59.9,2,1,56.15,1,65.99,0
157,1,84.2,1,69.4,1,1,65,1,1,80,1,52.72,3
158,1,66.5,1,62.5,1,3,60.9,2,0,93.4,2,55.03,0
159,1,67,2,63,2,1,64,1,0,60,2,61.87,2
160,1,52,1,49,2,3,58,2,0,62,1,60.59,0
161,1,87,1,74,1,1,65,1,1,75,1,72.29,3
162,1,55.6,2,51,2,3,57.5,2,0,57.63,1,62.72,0
163,1,74.2,1,87.6,2,3,77.25,2,1,75.2,2,66.06,1
164,1,63,2,67,2,1,64,1,0,75,2,66.46,3
165,0,67.16,1,72.5,1,3,63.35,2,0,53.04,2,65.52,2
166,0,63.3,1,78.33,2,3,74,2,0,80,2,74.56,0
167,1,62,2,62,2,3,60,2,1,63,1,52.38,2
168,1,67.9,2,62,2,1,67,1,1,58.1,2,75.71,0
169,0,48,1,51,1,3,58,2,1,60,1,58.79,3
170,1,59.96,2,42.16,2,1,61.26,1,0,54.48,1,65.48,0
171,0,63.4,2,67.2,2,3,60,2,0,58.06,1,69.28,2
172,1,80,2,80,2,3,72,2,1,63.79,2,66.04,1
173,1,73,2,58,2,3,56,2,0,84,1,52.64,1
174,0,52,2,52,2,1,55,1,0,67,1,59.32,3
175,1,73.24,2,50.83,2,1,64.27,1,1,64,2,66.23,2
176,1,63,2,62,2,1,65,1,0,87.5,1,60.69,0
177,0,59,1,60,2,3,56,2,0,55,1,57.9,2
178,0,73,1,97,2,3,79,2,1,89,2,70.81,3
179,1,68,2,56,2,1,68,1,0,73,1,68.07,3
180,0,77.8,1,64,1,1,64.2,1,0,75.5,1,72.14,2
181,1,65,1,71.5,2,3,62.8,2,1,57,2,56.6,1
182,1,62,1,60.33,2,1,64.21,1,0,63,1,60.02,0
183,1,52,2,65,2,2,57,2,1,75,2,59.81,2
184,1,65,1,77,1,3,69,2,0,60,1,61.82,3
185,0,56.28,2,62.83,2,3,59.79,2,0,60,1,57.29,0
186,0,88,1,72,1,1,78,2,0,82,1,71.43,1
187,0,52,1,64,1,3,61,2,0,55,2,62.93,0
188,1,78.5,1,65.5,1,1,67,1,1,95,2,64.86,1
189,1,61.8,2,47,2,3,54.38,2,0,57,2,56.13,3
190,0,54,1,77.6,2,3,69.2,2,0,95.65,2,66.94,0
191,0,64,2,70.2,1,3,61,2,0,50,2,62.5,0
192,1,67,2,61,1,1,72,2,0,72,2,61.01,1
193,1,65.2,1,61.4,1,3,64.8,2,1,93.4,2,57.34,1
194,0,60,1,63,1,2,56,2,1,80,1,56.63,1
195,1,52,2,55,2,3,56.3,2,0,59,2,64.74,2
196,1,66,1,76,1,3,72,2,1,84,1,58.95,1
197,1,72,2,63,2,1,77.5,1,1,78,2,54.48,1
198,0,83.96,2,53,2,1,91,1,0,59.32,1,69.71,3
199,0,67,1,70,1,3,65,2,0,88,1,71.96,0
200,1,69,2,65,2,3,57,2,0,73,1,55.8,1
201,1,69,2,60,2,3,65,2,0,87.55,2,52.81,1
202,1,54.2,1,63,2,1,58,2,0,79,1,58.44,0
203,1,70,1,63,1,1,66,1,0,61.28,1,60.11,2
204,1,55.68,2,61.33,2,3,56.87,2,0,66,1,58.3,2
205,0,74,2,73,2,3,73,2,1,80,2,67.69,3
206,1,61,2,62,2,3,65,2,0,62,2,56.81,1
207,1,41,1,42,1,1,60,2,0,97,2,53.39,3
208,1,83.33,1,78,2,3,61,2,1,88.56,2,71.55,1
209,0,43,1,60,2,1,65,2,0,92.66,1,62.92,0
210,1,62,1,72,1,3,65,2,0,67,2,56.49,2
211,1,80.6,2,82,2,3,77.6,2,0,91,2,74.49,1
212,1,58,2,60,2,1,72,1,0,74,2,53.62,1
213,1,67,2,67,2,3,73,2,1,59,2,69.72,3
214,0,74,2,66,2,3,58,2,0,70,1,60.23,1
215,1,62,1,58,2,1,53,2,0,89,1,60.22,2
216,1,67,2,91,2,3,58,1,0,55,1,58.8,2
217,1,79.33,1,78.33,2,1,77.48,1,1,86.5,2,66.28,2
218,1,65,1,68,1,2,64,2,0,75,2,57.8,1
219,1,56,1,52,1,1,52,1,0,66,1,59.43,3
220,1,85.8,1,73.6,1,3,73.3,2,0,96.8,2,55.5,0
221,1,55,2,49.8,2,1,67.25,1,1,55,2,51.58,2
222,0,46,2,49.2,2,3,79,2,0,74.28,2,53.29,2
223,1,82,1,64,1,1,66,1,1,67,2,62.14,3
224,1,73,1,79,1,3,72,2,0,91.34,2,61.29,3
225,1,58,1,70,1,3,61,2,0,54,2,52.21,3
226,1,58,1,61,1,3,60,2,1,62,1,60.85,1
227,1,69.6,1,68.4,1,3,78.3,2,1,60,2,63.7,2
228,0,47,1,55,2,1,65,2,0,62,1,65.04,0
229,0,77,1,87,1,3,59,2,0,68,2,68.63,1
230,1,62,1,47,1,3,50,2,0,76,1,54.96,0
231,0,65,1,75,1,3,69,2,1,72,2,64.66,2
232,1,63,1,66.2,1,3,65.6,2,1,60,2,62.54,3
233,0,55,1,67,1,3,64,2,0,60,2,67.28,0
234,0,63,1,66,1,3,64,2,0,68,1,64.08,2
235,1,60,2,67,2,2,70,2,1,50.48,2,77.89,0
236,1,62,2,65,2,3,66,2,0,50,1,56.7,0
237,0,79,2,76,2,3,85,2,0,95,2,69.06,3
238,0,69.8,2,60.8,2,1,72.23,1,0,55.53,1,68.81,2
239,0,77.4,2,60,2,1,64.74,1,1,92,2,63.62,0
240,1,76.5,2,97.7,2,1,78.86,1,0,97.4,2,74.01,2
241,0,52.58,2,54.6,1,3,50.2,2,1,76,2,65.33,0
242,1,71,2,79,2,3,66,2,1,94,2,57.55,3
243,1,63,2,67,2,3,66,2,0,68,1,57.69,0
244,1,76.76,2,76.5,2,3,67.5,2,1,73.35,2,64.15,3
245,1,62,1,67,1,3,58,2,0,77,2,51.29,0
246,0,64,1,73.5,1,3,73,2,0,52,1,56.7,2
247,0,67,1,53,1,1,65,1,0,64,1,58.32,3
248,0,61,1,81,1,3,66.4,2,0,50.89,1,62.21,2
249,0,87,2,65,2,1,81,2,1,88,2,72.78,0
250,1,62,2,51,2,1,52,2,0,68.44,1,62.77,3
251,0,69,1,78,1,3,72,2,0,71,1,62.74,1
252,1,51,1,44,1,3,57,2,0,64,2,51.45,2
253,0,79,1,76,1,1,65.6,1,0,58,1,55.47,1
254,0,73,2,58,2,1,66,2,0,53.7,1,56.86,3
255,1,81,2,68,2,1,64,1,0,93,2,62.56,0
256,0,78,1,77,2,3,80,2,0,60,2,66.72,2
257,0,74,2,63.16,2,3,65,2,1,65,1,69.76,0
258,1,49,2,39,1,1,65,2,0,63,2,51.21,3
259,1,87,2,87,2,3,68,2,0,95,1,62.9,1
260,0,77,2,73,2,3,81,2,1,89,2,69.7,2
261,0,76,1,64,1,1,72,1,0,58,1,66.53,3
262,0,70.89,2,71.98,2,1,65.6,2,0,68,1,71.63,0
263,1,63,1,60,1,3,57,2,1,78,2,54.55,1
264,1,63,2,62,2,3,68,2,0,64,2,62.46,2
265,0,50,2,37,2,2,52,2,0,65,1,56.11,0
266,0,75.2,1,73.2,1,1,68.4,2,0,65,1,62.98,3
267,1,54.4,1,61.12,1,3,56.2,2,0,67,1,62.65,0
268,0,40.89,2,45.83,2,3,53,2,0,71.2,1,65.49,2
269,1,80,2,70,2,1,72,1,0,87,1,71.04,3
270,0,74,1,60,2,1,69,2,0,78,1,65.56,1
271,1,60.4,1,66.6,2,1,65,2,0,71,1,52.71,0
272,1,63,2,71.4,2,3,61.4,2,0,68,2,66.88,2
273,1,68,1,76,1,3,74,2,0,80,2,63.59,0
274,1,74,1,62,2,1,68,2,0,74,2,57.99,2
275,1,52.6,1,65.58,2,1,72.11,1,0,57.6,2,56.66,0
276,1,74,1,70,1,1,72,2,1,60,2,57.24,2
277,1,84.2,1,73.4,1,3,66.89,2,0,61.6,2,62.48,0
278,0,86.5,2,64.2,2,1,67.4,1,0,59,2,59.69,3
279,1,61,2,70,2,3,64,2,0,68.5,1,59.5,3
280,1,80,2,73,2,3,75,2,0,61,2,58.78,1
281,1,54,2,47,2,1,57,2,0,89.69,1,57.1,2
282,1,83,2,74,2,1,66,2,0,68.92,1,58.46,3
283,1,80.92,2,78.5,2,3,67,2,0,68.71,2,60.99,2
284,0,69.7,1,47,1,3,72.7,1,0,79,1,59.24,0
285,1,73,1,73,1,1,66,1,1,70,2,68.07,0
286,1,82,2,61,2,1,62,1,0,89,2,65.45,3
287,1,75,2,70.29,2,3,71,2,0,95,2,66.94,1
288,1,84.86,2,67,2,1,78,2,0,95.5,2,68.53,2
289,1,64.6,1,83.83,2,3,71.72,2,0,86,2,59.75,1
290,1,56.6,1,64.8,1,3,70.2,2,0,84.27,2,67.2,2
291,0,59,1,62,2,3,77.5,2,0,74,1,67,3
292,0,66.5,2,70.4,1,2,71.93,2,0,61,2,64.27,1
293,1,64,2,80,2,1,65,1,1,69,2,57.65,2
294,1,84,2,90.9,2,1,64.5,1,0,86.04,2,59.42,3
295,0,69,1,62,1,1,66,1,0,75,1,67.99,0
296,0,69,2,62,2,3,69,2,1,67,1,62.35,2
297,1,81.7,2,63,2,1,67,2,1,86,2,70.2,3
298,1,63,1,67,1,3,74,2,0,82,2,60.44,0
299,1,84,2,79,2,1,68,1,1,84,2,66.69,1
300,1,70,1,63,2,1,70,1,1,55,2,62,2
301,0,83.84,2,89.83,2,3,77.2,2,1,78.74,2,76.18,3
302,1,62,2,63,2,3,64,2,0,67,2,57.03,0
303,1,59.6,1,51,1,1,60,2,0,75,1,59.08,0
304,0,66,1,62,1,3,73,2,0,58,1,64.36,2
305,0,84,2,75,2,1,69,1,1,62,1,62.36,0
306,0,85,2,90,2,3,82,2,0,92,2,68.03,3
307,1,52,1,57,1,3,50.8,2,0,67,1,62.79,2
308,0,60.23,1,69,1,1,66,2,0,72,2,59.47,1
309,1,52,1,62,1,3,54,2,0,72,1,55.41,3
310,1,58,1,62,1,3,64,2,0,53.88,2,54.97,1
311,1,73,1,78,2,3,65,2,1,95.46,2,62.16,1
312,0,76,1,70,1,1,76,2,1,66,2,64.44,1
313,0,70.5,1,62.5,2,3,61,2,0,93.91,2,69.03,0
314,0,69,1,73,1,3,65,2,0,70,2,57.31,1
315,1,54,1,82,2,3,63,1,0,50,2,59.47,2
316,0,45,2,57,2,3,58,2,1,56.39,1,64.95,3
317,1,63,1,72,1,3,68,2,0,78,1,60.44,2
318,0,77,2,61,2,3,68,2,1,57.5,2,61.31,1
319,1,73,1,78,1,1,73,1,1,85,1,65.83,0
320,1,69,1,63,2,1,65,2,1,55,1,58.23,0
321,1,59,1,64,2,1,58,1,0,85,1,55.3,3
322,1,61.08,2,50,2,1,54,1,0,71,2,65.69,3
323,1,82,2,90,2,3,83,2,0,80,1,73.52,3
324,1,61,1,82,1,3,69,2,0,84,2,58.31,2
325,1,52,1,63,2,1,65,1,1,86,1,56.09,0
326,0,69.5,1,70,1,1,72,1,0,57.2,1,54.8,2
327,1,51,2,54,2,1,61,1,0,60,1,60.64,0
328,1,58,2,61,2,3,61,2,0,58,1,53.94,1
329,0,73.96,2,79,2,3,67,2,0,72.15,2,63.08,2
330,1,65,1,68,2,1,69,2,0,53.7,1,55.01,0
331,0,73,2,63,2,1,66,2,0,89,2,60.5,1
332,1,68.2,1,72.8,1,3,66.6,2,1,96,2,70.85,2
333,1,77,2,75,2,1,73,1,0,80,2,67.05,2
334,1,76,1,80,1,1,78,1,1,97,1,70.48,0
335,1,60.8,1,68.4,1,3,64.6,2,1,82.66,2,64.34,3
336,1,58,2,40,2,1,59,2,0,73,1,58.81,0
337,0,64,1,67,2,1,69.6,1,1,55.67,1,71.49,1
338,0,66.5,1,66.8,1,2,69.3,2,1,80.4,2,71,0
339,1,74,2,59,2,3,73,2,1,60,1,56.7,3
340,1,67,1,71,1,1,64.33,2,1,64,1,61.26,3
341,0,84,1,73,1,3,73,2,0,75,2,73.33,3
342,0,79,2,61,2,1,75.5,1,1,70,2,68.2,0
343,0,72,2,60,2,1,69,2,0,55.5,1,58.4,1
344,1,80.4,1,73.4,1,1,77.72,1,1,81.2,1,76.26,2
345,1,76.7,1,89.7,2,3,66,2,1,90,2,68.55,1
346,1,62,1,65,2,3,60,2,0,84,2,64.15,3
347,0,74.9,2,57,2,1,62,2,1,80,2,60.78,0
348,1,67,2,68,2,3,64,2,1,74.4,1,53.49,1
349,1,73,1,64,2,3,77,2,1,65,1,60.98,2
350,0,77.44,1,92,2,3,72,2,1,94,2,67.13,0
351,0,72,1,56,2,1,69,2,0,55.6,1,65.63,3
352,0,47,1,59,1,2,64,2,0,78,2,61.58,0
353,1,67,2,63,1,3,72,2,0,56,1,60.41,2
354,0,82,2,64,2,1,73,1,1,96,2,71.77,3
355,1,77,1,70,1,3,59,2,1,58,2,54.43,1
356,1,65,1,64.8,2,3,69.5,2,1,56,2,56.94,0
357,1,66,1,64,1,1,60,2,0,60,1,61.9,2
358,1,85,1,60,2,1,73.43,1,1,60,2,61.29,1
359,1,77.67,2,64.89,2,3,70.67,2,0,89,2,60.39,2
360,1,52,2,50,2,2,61,2,0,60,2,58.52,3
361,1,89.4,2,65.66,2,1,71.25,1,0,72,1,63.23,1
362,1,62,1,63,2,1,66,2,0,85,1,55.14,0
363,1,70,1,74,1,3,65,2,0,83,2,62.28,0
364,0,77,1,86,1,2,56,2,0,57,2,64.08,3
365,1,44,1,58,1,2,55,2,1,64.25,1,58.54,2
366,1,71,1,58.66,1,1,58,1,1,56,2,61.3,3
367,1,65,1,65,1,3,75,2,0,83,2,58.87,1
368,0,75.4,2,60.5,1,1,84,1,0,98,2,65.25,0
369,1,49,2,59,2,1,65,1,1,86,2,62.48,2
370,1,53,1,63,2,1,60,2,1,70,2,53.2,1
371,1,51.57,2,74.66,2,3,59.9,2,1,56.15,1,65.99,0
372,1,84.2,1,69.4,1,1,65,1,1,80,1,52.72,3
373,1,66.5,1,62.5,1,3,60.9,2,0,93.4,2,55.03,0
374,1,67,2,63,2,1,64,1,0,60,2,61.87,2
375,1,52,1,49,2,3,58,2,0,62,1,60.59,0
376,1,87,1,74,1,1,65,1,1,75,1,72.29,3
377,1,55.6,2,51,2,3,57.5,2,0,57.63,1,62.72,0
378,1,74.2,1,87.6,2,3,77.25,2,1,75.2,2,66.06,1
379,1,63,2,67,2,1,64,1,0,75,2,66.46,3
380,0,67.16,1,72.5,1,3,63.35,2,0,53.04,2,65.52,2
381,0,63.3,1,78.33,2,3,74,2,0,80,2,74.56,0
382,1,62,2,62,2,3,60,2,1,63,1,52.38,2
383,1,67.9,2,62,2,1,67,1,1,58.1,2,75.71,0
384,0,48,1,51,1,3,58,2,1,60,1,58.79,3
385,1,59.96,2,42.16,2,1,61.26,1,0,54.48,1,65.48,0
386,0,63.4,2,67.2,2,3,60,2,0,58.06,1,69.28,2
387,1,80,2,80,2,3,72,2,1,63.79,2,66.04,1
388,1,73,2,58,2,3,56,2,0,84,1,52.64,1
389,0,52,2,52,2,1,55,1,0,67,1,59.32,3
390,1,73.24,2,50.83,2,1,64.27,1,1,64,2,66.23,2
391,1,63,2,62,2,1,65,1,0,87.5,1,60.69,0
392,0,59,1,60,2,3,56,2,0,55,1,57.9,2
393,0,73,1,97,2,3,79,2,1,89,2,70.81,3
394,1,68,2,56,2,1,68,1,0,73,1,68.07,3
395,0,77.8,1,64,1,1,64.2,1,0,75.5,1,72.14,2
396,1,65,1,71.5,2,3,62.8,2,1,57,2,56.6,1
397,1,62,1,60.33,2,1,64.21,1,0,63,1,60.02,0
398,1,52,2,65,2,2,57,2,1,75,2,59.81,2
399,1,65,1,77,1,3,69,2,0,60,1,61.82,3
400,0,56.28,2,62.83,2,3,59.79,2,0,60,1,57.29,0
401,0,88,1,72,1,1,78,2,0,82,1,71.43,1
402,0,52,1,64,1,3,61,2,0,55,2,62.93,0
403,1,78.5,1,65.5,1,1,67,1,1,95,2,64.86,1
404,1,61.8,2,47,2,3,54.38,2,0,57,2,56.13,3
405,0,54,1,77.6,2,3,69.2,2,0,95.65,2,66.94,0
406,0,64,2,70.2,1,3,61,2,0,50,2,62.5,0
407,1,67,2,61,1,1,72,2,0,72,2,61.01,1
408,1,65.2,1,61.4,1,3,64.8,2,1,93.4,2,57.34,1
409,0,60,1,63,1,2,56,2,1,80,1,56.63,1
410,1,52,2,55,2,3,56.3,2,0,59,2,64.74,2
411,1,66,1,76,1,3,72,2,1,84,1,58.95,1
412,1,72,2,63,2,1,77.5,1,1,78,2,54.48,1
413,0,83.96,2,53,2,1,91,1,0,59.32,1,69.71,3
414,0,67,1,70,1,3,65,2,0,88,1,71.96,0
415,1,69,2,65,2,3,57,2,0,73,1,55.8,1
416,1,69,2,60,2,3,65,2,0,87.55,2,52.81,1
417,1,54.2,1,63,2,1,58,2,0,79,1,58.44,0
418,1,70,1,63,1,1,66,1,0,61.28,1,60.11,2
419,1,55.68,2,61.33,2,3,56.87,2,0,66,1,58.3,2
420,0,74,2,73,2,3,73,2,1,80,2,67.69,3
421,1,61,2,62,2,3,65,2,0,62,2,56.81,1
422,1,41,1,42,1,1,60,2,0,97,2,53.39,3
423,1,83.33,1,78,2,3,61,2,1,88.56,2,71.55,1
424,0,43,1,60,2,1,65,2,0,92.66,1,62.92,0
425,1,62,1,72,1,3,65,2,0,67,2,56.49,2
426,1,80.6,2,82,2,3,77.6,2,0,91,2,74.49,1
427,1,58,2,60,2,1,72,1,0,74,2,53.62,1
428,1,67,2,67,2,3,73,2,1,59,2,69.72,3
429,0,74,2,66,2,3,58,2,0,70,1,60.23,1
430,1,62,1,58,2,1,53,2,0,89,1,60.22,2
431,1,67,2,91,2,3,58,1,0,55,1,58.8,2
432,1,79.33,1,78.33,2,1,77.48,1,1,86.5,2,66.28,2
433,1,65,1,68,1,2,64,2,0,75,2,57.8,1
434,1,56,1,52,1,1,52,1,0,66,1,59.43,3
435,1,85.8,1,73.6,1,3,73.3,2,0,96.8,2,55.5,0
436,1,55,2,49.8,2,1,67.25,1,1,55,2,51.58,2
437,0,46,2,49.2,2,3,79,2,0,74.28,2,53.29,2
438,1,82,1,64,1,1,66,1,1,67,2,62.14,3
439,1,73,1,79,1,3,72,2,0,91.34,2,61.29,3
440,1,58,1,70,1,3,61,2,0,54,2,52.21,3
441,1,58,1,61,1,3,60,2,1,62,1,60.85,1
442,1,69.6,1,68.4,1,3,78.3,2,1,60,2,63.7,2
443,0,47,1,55,2,1,65,2,0,62,1,65.04,0
444,0,77,1,87,1,3,59,2,0,68,2,68.63,1
445,1,62,1,47,1,3,50,2,0,76,1,54.96,0
446,0,65,1,75,1,3,69,2,1,72,2,64.66,2
447,1,63,1,66.2,1,3,65.6,2,1,60,2,62.54,3
448,0,55,1,67,1,3,64,2,0,60,2,67.28,0
449,0,63,1,66,1,3,64,2,0,68,1,64.08,2
450,1,60,2,67,2,2,70,2,1,50.48,2,77.89,0
451,1,62,2,65,2,3,66,2,0,50,1,56.7,0
452,0,79,2,76,2,3,85,2,0,95,2,69.06,3
453,0,69.8,2,60.8,2,1,72.23,1,0,55.53,1,68.81,2
454,0,77.4,2,60,2,1,64.74,1,1,92,2,63.62,0
455,1,76.5,2,97.7,2,1,78.86,1,0,97.4,2,74.01,2
456,0,52.58,2,54.6,1,3,50.2,2,1,76,2,65.33,0
457,1,71,2,79,2,3,66,2,1,94,2,57.55,3
458,1,63,2,67,2,3,66,2,0,68,1,57.69,0
459,1,76.76,2,76.5,2,3,67.5,2,1,73.35,2,64.15,3
460,1,62,1,67,1,3,58,2,0,77,2,51.29,0
461,0,64,1,73.5,1,3,73,2,0,52,1,56.7,2
462,0,67,1,53,1,1,65,1,0,64,1,58.32,3
463,0,61,1,81,1,3,66.4,2,0,50.89,1,62.21,2
464,0,87,2,65,2,1,81,2,1,88,2,72.78,0
465,1,62,2,51,2,1,52,2,0,68.44,1,62.77,3
466,0,69,1,78,1,3,72,2,0,71,1,62.74,1
467,1,51,1,44,1,3,57,2,0,64,2,51.45,2
468,0,79,1,76,1,1,65.6,1,0,58,1,55.47,1
469,0,73,2,58,2,1,66,2,0,53.7,1,56.86,3
470,1,81,2,68,2,1,64,1,0,93,2,62.56,0
471,0,78,1,77,2,3,80,2,0,60,2,66.72,2
472,0,74,2,63.16,2,3,65,2,1,65,1,69.76,0
473,1,49,2,39,1,1,65,2,0,63,2,51.21,3
474,1,87,2,87,2,3,68,2,0,95,1,62.9,1
475,0,77,2,73,2,3,81,2,1,89,2,69.7,2
476,0,76,1,64,1,1,72,1,0,58,1,66.53,3
477,0,70.89,2,71.98,2,1,65.6,2,0,68,1,71.63,0
478,1,63,1,60,1,3,57,2,1,78,2,54.55,1
479,1,63,2,62,2,3,68,2,0,64,2,62.46,2
480,0,50,2,37,2,2,52,2,0,65,1,56.11,0
481,0,75.2,1,73.2,1,1,68.4,2,0,65,1,62.98,3
482,1,54.4,1,61.12,1,3,56.2,2,0,67,1,62.65,0
483,0,40.89,2,45.83,2,3,53,2,0,71.2,1,65.49,2
484,1,80,2,70,2,1,72,1,0,87,1,71.04,3
485,0,74,1,60,2,1,69,2,0,78,1,65.56,1
486,1,60.4,1,66.6,2,1,65,2,0,71,1,52.71,0
487,1,63,2,71.4,2,3,61.4,2,0,68,2,66.88,2
488,1,68,1,76,1,3,74,2,0,80,2,63.59,0
489,1,74,1,62,2,1,68,2,0,74,2,57.99,2
490,1,52.6,1,65.58,2,1,72.11,1,0,57.6,2,56.66,0
491,1,74,1,70,1,1,72,2,1,60,2,57.24,2
492,1,84.2,1,73.4,1,3,66.89,2,0,61.6,2,62.48,0
493,0,86.5,2,64.2,2,1,67.4,1,0,59,2,59.69,3
494,1,61,2,70,2,3,64,2,0,68.5,1,59.5,3
495,1,80,2,73,2,3,75,2,0,61,2,58.78,1
496,1,54,2,47,2,1,57,2,0,89.69,1,57.1,2
497,1,83,2,74,2,1,66,2,0,68.92,1,58.46,3
498,1,80.92,2,78.5,2,3,67,2,0,68.71,2,60.99,2
499,0,69.7,1,47,1,3,72.7,1,0,79,1,59.24,0
500,1,73,1,73,1,1,66,1,1,70,2,68.07,0
501,1,82,2,61,2,1,62,1,0,89,2,65.45,3
502,1,75,2,70.29,2,3,71,2,0,95,2,66.94,1
503,1,84.86,2,67,2,1,78,2,0,95.5,2,68.53,2
504,1,64.6,1,83.83,2,3,71.72,2,0,86,2,59.75,1
505,1,56.6,1,64.8,1,3,70.2,2,0,84.27,2,67.2,2
506,0,59,1,62,2,3,77.5,2,0,74,1,67,3
507,0,66.5,2,70.4,1,2,71.93,2,0,61,2,64.27,1
508,1,64,2,80,2,1,65,1,1,69,2,57.65,2
509,1,84,2,90.9,2,1,64.5,1,0,86.04,2,59.42,3
510,0,69,1,62,1,1,66,1,0,75,1,67.99,0
511,0,69,2,62,2,3,69,2,1,67,1,62.35,2
512,1,81.7,2,63,2,1,67,2,1,86,2,70.2,3
513,1,63,1,67,1,3,74,2,0,82,2,60.44,0
514,1,84,2,79,2,1,68,1,1,84,2,66.69,1
515,1,70,1,63,2,1,70,1,1,55,2,62,2
516,0,83.84,2,89.83,2,3,77.2,2,1,78.74,2,76.18,3
517,1,62,2,63,2,3,64,2,0,67,2,57.03,0
518,1,59.6,1,51,1,1,60,2,0,75,1,59.08,0
519,0,66,1,62,1,3,73,2,0,58,1,64.36,2
520,0,84,2,75,2,1,69,1,1,62,1,62.36,0
521,0,85,2,90,2,3,82,2,0,92,2,68.03,3
522,1,52,1,57,1,3,50.8,2,0,67,1,62.79,2
523,0,60.23,1,69,1,1,66,2,0,72,2,59.47,1
524,1,52,1,62,1,3,54,2,0,72,1,55.41,3
525,1,58,1,62,1,3,64,2,0,53.88,2,54.97,1
526,1,73,1,78,2,3,65,2,1,95.46,2,62.16,1
527,0,76,1,70,1,1,76,2,1,66,2,64.44,1
528,0,70.5,1,62.5,2,3,61,2,0,93.91,2,69.03,0
529,0,69,1,73,1,3,65,2,0,70,2,57.31,1
530,1,54,1,82,2,3,63,1,0,50,2,59.47,2
531,0,45,2,57,2,3,58,2,1,56.39,1,64.95,3
532,1,63,1,72,1,3,68,2,0,78,1,60.44,2
533,0,77,2,61,2,3,68,2,1,57.5,2,61.31,1
534,1,73,1,78,1,1,73,1,1,85,1,65.83,0
535,1,69,1,63,2,1,65,2,1,55,1,58.23,0
536,1,59,1,64,2,1,58,1,0,85,1,55.3,3
537,1,61.08,2,50,2,1,54,1,0,71,2,65.69,3
538,1,82,2,90,2,3,83,2,0,80,1,73.52,3
539,1,61,1,82,1,3,69,2,0,84,2,58.31,2
540,1,52,1,63,2,1,65,1,1,86,1,56.09,0
541,0,69.5,1,70,1,1,72,1,0,57.2,1,54.8,2
542,1,51,2,54,2,1,61,1,0,60,1,60.64,0
543,1,58,2,61,2,3,61,2,0,58,1,53.94,1
544,0,73.96,2,79,2,3,67,2,0,72.15,2,63.08,2
545,1,65,1,68,2,1,69,2,0,53.7,1,55.01,0
546,0,73,2,63,2,1,66,2,0,89,2,60.5,1
547,1,68.2,1,72.8,1,3,66.6,2,1,96,2,70.85,2
548,1,77,2,75,2,1,73,1,0,80,2,67.05,2
549,1,76,1,80,1,1,78,1,1,97,1,70.48,0
550,1,60.8,1,68.4,1,3,64.6,2,1,82.66,2,64.34,3
551,1,58,2,40,2,1,59,2,0,73,1,58.81,0
552,0,64,1,67,2,1,69.6,1,1,55.67,1,71.49,1
553,0,66.5,1,66.8,1,2,69.3,2,1,80.4,2,71,0
554,1,74,2,59,2,3,73,2,1,60,1,56.7,3
555,1,67,1,71,1,1,64.33,2,1,64,1,61.26,3
556,0,84,1,73,1,3,73,2,0,75,2,73.33,3
557,0,79,2,61,2,1,75.5,1,1,70,2,68.2,0
558,0,72,2,60,2,1,69,2,0,55.5,1,58.4,1
559,1,80.4,1,73.4,1,1,77.72,1,1,81.2,1,76.26,2
560,1,76.7,1,89.7,2,3,66,2,1,90,2,68.55,1
561,1,62,1,65,2,3,60,2,0,84,2,64.15,3
562,0,74.9,2,57,2,1,62,2,1,80,2,60.78,0
563,1,67,2,68,2,3,64,2,1,74.4,1,53.49,1
564,1,73,1,64,2,3,77,2,1,65,1,60.98,2
565,0,77.44,1,92,2,3,72,2,1,94,2,67.13,0
566,0,72,1,56,2,1,69,2,0,55.6,1,65.63,3
567,0,47,1,59,1,2,64,2,0,78,2,61.58,0
568,1,67,2,63,1,3,72,2,0,56,1,60.41,2
569,0,82,2,64,2,1,73,1,1,96,2,71.77,3
570,1,77,1,70,1,3,59,2,1,58,2,54.43,1
571,1,65,1,64.8,2,3,69.5,2,1,56,2,56.94,0
572,1,66,1,64,1,1,60,2,0,60,1,61.9,2
573,1,85,1,60,2,1,73.43,1,1,60,2,61.29,1
574,1,77.67,2,64.89,2,3,70.67,2,0,89,2,60.39,2
575,1,52,2,50,2,2,61,2,0,60,2,58.52,3
576,1,89.4,2,65.66,2,1,71.25,1,0,72,1,63.23,1
577,1,62,1,63,2,1,66,2,0,85,1,55.14,0
578,1,70,1,74,1,3,65,2,0,83,2,62.28,0
579,0,77,1,86,1,2,56,2,0,57,2,64.08,3
580,1,44,1,58,1,2,55,2,1,64.25,1,58.54,2
581,1,71,1,58.66,1,1,58,1,1,56,2,61.3,3
582,1,65,1,65,1,3,75,2,0,83,2,58.87,1
583,0,75.4,2,60.5,1,1,84,1,0,98,2,65.25,0
584,1,49,2,59,2,1,65,1,1,86,2,62.48,2
585,1,53,1,63,2,1,60,2,1,70,2,53.2,1
586,1,51.57,2,74.66,2,3,59.9,2,1,56.15,1,65.99,0
587,1,84.2,1,69.4,1,1,65,1,1,80,1,52.72,3
588,1,66.5,1,62.5,1,3,60.9,2,0,93.4,2,55.03,0
589,1,67,2,63,2,1,64,1,0,60,2,61.87,2
590,1,52,1,49,2,3,58,2,0,62,1,60.59,0
591,1,87,1,74,1,1,65,1,1,75,1,72.29,3
592,1,55.6,2,51,2,3,57.5,2,0,57.63,1,62.72,0
593,1,74.2,1,87.6,2,3,77.25,2,1,75.2,2,66.06,1
594,1,63,2,67,2,1,64,1,0,75,2,66.46,3
595,0,67.16,1,72.5,1,3,63.35,2,0,53.04,2,65.52,2
596,0,63.3,1,78.33,2,3,74,2,0,80,2,74.56,0
597,1,62,2,62,2,3,60,2,1,63,1,52.38,2
598,1,67.9,2,62,2,1,67,1,1,58.1,2,75.71,0
599,0,48,1,51,1,3,58,2,1,60,1,58.79,3
600,1,59.96,2,42.16,2,1,61.26,1,0,54.48,1,65.48,0
601,0,63.4,2,67.2,2,3,60,2,0,58.06,1,69.28,2
602,1,80,2,80,2,3,72,2,1,63.79,2,66.04,1
603,1,73,2,58,2,3,56,2,0,84,1,52.64,1
604,0,52,2,52,2,1,55,1,0,67,1,59.32,3
605,1,73.24,2,50.83,2,1,64.27,1,1,64,2,66.23,2
606,1,63,2,62,2,1,65,1,0,87.5,1,60.69,0
607,0,59,1,60,2,3,56,2,0,55,1,57.9,2
608,0,73,1,97,2,3,79,2,1,89,2,70.81,3
609,1,68,2,56,2,1,68,1,0,73,1,68.07,3
610,0,77.8,1,64,1,1,64.2,1,0,75.5,1,72.14,2
611,1,65,1,71.5,2,3,62.8,2,1,57,2,56.6,1
612,1,62,1,60.33,2,1,64.21,1,0,63,1,60.02,0
613,1,52,2,65,2,2,57,2,1,75,2,59.81,2
614,1,65,1,77,1,3,69,2,0,60,1,61.82,3
615,0,56.28,2,62.83,2,3,59.79,2,0,60,1,57.29,0
616,0,88,1,72,1,1,78,2,0,82,1,71.43,1
617,0,52,1,64,1,3,61,2,0,55,2,62.93,0
618,1,78.5,1,65.5,1,1,67,1,1,95,2,64.86,1
619,1,61.8,2,47,2,3,54.38,2,0,57,2,56.13,3
620,0,54,1,77.6,2,3,69.2,2,0,95.65,2,66.94,0
621,0,64,2,70.2,1,3,61,2,0,50,2,62.5,0
622,1,67,2,61,1,1,72,2,0,72,2,61.01,1
623,1,65.2,1,61.4,1,3,64.8,2,1,93.4,2,57.34,1
624,0,60,1,63,1,2,56,2,1,80,1,56.63,1
625,1,52,2,55,2,3,56.3,2,0,59,2,64.74,2
626,1,66,1,76,1,3,72,2,1,84,1,58.95,1
627,1,72,2,63,2,1,77.5,1,1,78,2,54.48,1
628,0,83.96,2,53,2,1,91,1,0,59.32,1,69.71,3
629,0,67,1,70,1,3,65,2,0,88,1,71.96,0
630,1,69,2,65,2,3,57,2,0,73,1,55.8,1
631,1,69,2,60,2,3,65,2,0,87.55,2,52.81,1
632,1,54.2,1,63,2,1,58,2,0,79,1,58.44,0
633,1,70,1,63,1,1,66,1,0,61.28,1,60.11,2
634,1,55.68,2,61.33,2,3,56.87,2,0,66,1,58.3,2
635,0,74,2,73,2,3,73,2,1,80,2,67.69,3
636,1,61,2,62,2,3,65,2,0,62,2,56.81,1
637,1,41,1,42,1,1,60,2,0,97,2,53.39,3
638,1,83.33,1,78,2,3,61,2,1,88.56,2,71.55,1
639,0,43,1,60,2,1,65,2,0,92.66,1,62.92,0
640,1,62,1,72,1,3,65,2,0,67,2,56.49,2
641,1,80.6,2,82,2,3,77.6,2,0,91,2,74.49,1
642,1,58,2,60,2,1,72,1,0,74,2,53.62,1
643,1,67,2,67,2,3,73,2,1,59,2,69.72,3
644,0,74,2,66,2,3,58,2,0,70,1,60.23,1
645,1,62,1,58,2,1,53,2,0,89,1,60.22,2
646,1,67,2,91,2,3,58,1,0,55,1,58.8,2
647,1,79.33,1,78.33,2,1,77.48,1,1,86.5,2,66.28,2
648,1,65,1,68,1,2,64,2,0,75,2,57.8,1
649,1,56,1,52,1,1,52,1,0,66,1,59.43,3
650,1,85.8,1,73.6,1,3,73.3,2,0,96.8,2,55.5,0
651,1,55,2,49.8,2,1,67.25,1,1,55,2,51.58,2
652,0,46,2,49.2,2,3,79,2,0,74.28,2,53.29,2
653,1,82,1,64,1,1,66,1,1,67,2,62.14,3
654,1,73,1,79,1,3,72,2,0,91.34,2,61.29,3
655,1,58,1,70,1,3,61,2,0,54,2,52.21,3
656,1,58,1,61,1,3,60,2,1,62,1,60.85,1
657,1,69.6,1,68.4,1,3,78.3,2,1,60,2,63.7,2
658,0,47,1,55,2,1,65,2,0,62,1,65.04,0
659,0,77,1,87,1,3,59,2,0,68,2,68.63,1
660,1,62,1,47,1,3,50,2,0,76,1,54.96,0
661,0,65,1,75,1,3,69,2,1,72,2,64.66,2
662,1,63,1,66.2,1,3,65.6,2,1,60,2,62.54,3
663,0,55,1,67,1,3,64,2,0,60,2,67.28,0
664,0,63,1,66,1,3,64,2,0,68,1,64.08,2
665,1,60,2,67,2,2,70,2,1,50.48,2,77.89,0
666,1,62,2,65,2,3,66,2,0,50,1,56.7,0
667,0,79,2,76,2,3,85,2,0,95,2,69.06,3
668,0,69.8,2,60.8,2,1,72.23,1,0,55.53,1,68.81,2
669,0,77.4,2,60,2,1,64.74,1,1,92,2,63.62,0
670,1,76.5,2,97.7,2,1,78.86,1,0,97.4,2,74.01,2
671,0,52.58,2,54.6,1,3,50.2,2,1,76,2,65.33,0
672,1,71,2,79,2,3,66,2,1,94,2,57.55,3
673,1,63,2,67,2,3,66,2,0,68,1,57.69,0
674,1,76.76,2,76.5,2,3,67.5,2,1,73.35,2,64.15,3
675,1,62,1,67,1,3,58,2,0,77,2,51.29,0
676,0,64,1,73.5,1,3,73,2,0,52,1,56.7,2
677,0,67,1,53,1,1,65,1,0,64,1,58.32,3
678,0,61,1,81,1,3,66.4,2,0,50.89,1,62.21,2
679,0,87,2,65,2,1,81,2,1,88,2,72.78,0
680,1,62,2,51,2,1,52,2,0,68.44,1,62.77,3
681,0,69,1,78,1,3,72,2,0,71,1,62.74,1
682,1,51,1,44,1,3,57,2,0,64,2,51.45,2
683,0,79,1,76,1,1,65.6,1,0,58,1,55.47,1
684,0,73,2,58,2,1,66,2,0,53.7,1,56.86,3
685,1,81,2,68,2,1,64,1,0,93,2,62.56,0
686,0,78,1,77,2,3,80,2,0,60,2,66.72,2
687,0,74,2,63.16,2,3,65,2,1,65,1,69.76,0
688,1,49,2,39,1,1,65,2,0,63,2,51.21,3
689,1,87,2,87,2,3,68,2,0,95,1,62.9,1
690,0,77,2,73,2,3,81,2,1,89,2,69.7,2
691,0,76,1,64,1,1,72,1,0,58,1,66.53,3
692,0,70.89,2,71.98,2,1,65.6,2,0,68,1,71.63,0
693,1,63,1,60,1,3,57,2,1,78,2,54.55,1
694,1,63,2,62,2,3,68,2,0,64,2,62.46,2
695,0,50,2,37,2,2,52,2,0,65,1,56.11,0
696,0,75.2,1,73.2,1,1,68.4,2,0,65,1,62.98,3
697,1,54.4,1,61.12,1,3,56.2,2,0,67,1,62.65,0
698,0,40.89,2,45.83,2,3,53,2,0,71.2,1,65.49,2
699,1,80,2,70,2,1,72,1,0,87,1,71.04,3
700,0,74,1,60,2,1,69,2,0,78,1,65.56,1
701,1,60.4,1,66.6,2,1,65,2,0,71,1,52.71,0
702,1,63,2,71.4,2,3,61.4,2,0,68,2,66.88,2
703,1,68,1,76,1,3,74,2,0,80,2,63.59,0
704,1,74,1,62,2,1,68,2,0,74,2,57.99,2
705,1,52.6,1,65.58,2,1,72.11,1,0,57.6,2,56.66,0
706,1,74,1,70,1,1,72,2,1,60,2,57.24,2
707,1,84.2,1,73.4,1,3,66.89,2,0,61.6,2,62.48,0
708,0,86.5,2,64.2,2,1,67.4,1,0,59,2,59.69,3
709,1,61,2,70,2,3,64,2,0,68.5,1,59.5,3
710,1,80,2,73,2,3,75,2,0,61,2,58.78,1
711,1,54,2,47,2,1,57,2,0,89.69,1,57.1,2
712,1,83,2,74,2,1,66,2,0,68.92,1,58.46,3
713,1,80.92,2,78.5,2,3,67,2,0,68.71,2,60.99,2
714,0,69.7,1,47,1,3,72.7,1,0,79,1,59.24,0
715,1,73,1,73,1,1,66,1,1,70,2,68.07,0
716,1,82,2,61,2,1,62,1,0,89,2,65.45,3
717,1,75,2,70.29,2,3,71,2,0,95,2,66.94,1
718,1,84.86,2,67,2,1,78,2,0,95.5,2,68.53,2
719,1,64.6,1,83.83,2,3,71.72,2,0,86,2,59.75,1
720,1,56.6,1,64.8,1,3,70.2,2,0,84.27,2,67.2,2
721,0,59,1,62,2,3,77.5,2,0,74,1,67,3
722,0,66.5,2,70.4,1,2,71.93,2,0,61,2,64.27,1
723,1,64,2,80,2,1,65,1,1,69,2,57.65,2
724,1,84,2,90.9,2,1,64.5,1,0,86.04,2,59.42,3
725,0,69,1,62,1,1,66,1,0,75,1,67.99,0
726,0,69,2,62,2,3,69,2,1,67,1,62.35,2
727,1,81.7,2,63,2,1,67,2,1,86,2,70.2,3
728,1,63,1,67,1,3,74,2,0,82,2,60.44,0
729,1,84,2,79,2,1,68,1,1,84,2,66.69,1
730,1,70,1,63,2,1,70,1,1,55,2,62,2
731,0,83.84,2,89.83,2,3,77.2,2,1,78.74,2,76.18,3
732,1,62,2,63,2,3,64,2,0,67,2,57.03,0
733,1,59.6,1,51,1,1,60,2,0,75,1,59.08,0
734,0,66,1,62,1,3,73,2,0,58,1,64.36,2
735,0,84,2,75,2,1,69,1,1,62,1,62.36,0
736,0,85,2,90,2,3,82,2,0,92,2,68.03,3
737,1,52,1,57,1,3,50.8,2,0,67,1,62.79,2
738,0,60.23,1,69,1,1,66,2,0,72,2,59.47,1
739,1,52,1,62,1,3,54,2,0,72,1,55.41,3
740,1,58,1,62,1,3,64,2,0,53.88,2,54.97,1
741,1,73,1,78,2,3,65,2,1,95.46,2,62.16,1
742,0,76,1,70,1,1,76,2,1,66,2,64.44,1
743,0,70.5,1,62.5,2,3,61,2,0,93.91,2,69.03,0
744,0,69,1,73,1,3,65,2,0,70,2,57.31,1
745,1,54,1,82,2,3,63,1,0,50,2,59.47,2
746,0,45,2,57,2,3,58,2,1,56.39,1,64.95,3
747,1,63,1,72,1,3,68,2,0,78,1,60.44,2
748,0,77,2,61,2,3,68,2,1,57.5,2,61.31,1
749,1,73,1,78,1,1,73,1,1,85,1,65.83,0
750,1,69,1,63,2,1,65,2,1,55,1,58.23,0
751,1,59,1,64,2,1,58,1,0,85,1,55.3,3
752,1,61.08,2,50,2,1,54,1,0,71,2,65.69,3
753,1,82,2,90,2,3,83,2,0,80,1,73.52,3
754,1,61,1,82,1,3,69,2,0,84,2,58.31,2
755,1,52,1,63,2,1,65,1,1,86,1,56.09,0
756,0,69.5,1,70,1,1,72,1,0,57.2,1,54.8,2
757,1,51,2,54,2,1,61,1,0,60,1,60.64,0
758,1,58,2,61,2,3,61,2,0,58,1,53.94,1
759,0,73.96,2,79,2,3,67,2,0,72.15,2,63.08,2
760,1,65,1,68,2,1,69,2,0,53.7,1,55.01,0
761,0,73,2,63,2,1,66,2,0,89,2,60.5,1
762,1,68.2,1,72.8,1,3,66.6,2,1,96,2,70.85,2
763,1,77,2,75,2,1,73,1,0,80,2,67.05,2
764,1,76,1,80,1,1,78,1,1,97,1,70.48,0
765,1,60.8,1,68.4,1,3,64.6,2,1,82.66,2,64.34,3
766,1,58,2,40,2,1,59,2,0,73,1,58.81,0
767,0,64,1,67,2,1,69.6,1,1,55.67,1,71.49,1
768,0,66.5,1,66.8,1,2,69.3,2,1,80.4,2,71,0
769,1,74,2,59,2,3,73,2,1,60,1,56.7,3
770,1,67,1,71,1,1,64.33,2,1,64,1,61.26,3
771,0,84,1,73,1,3,73,2,0,75,2,73.33,3
772,0,79,2,61,2,1,75.5,1,1,70,2,68.2,0
773,0,72,2,60,2,1,69,2,0,55.5,1,58.4,1
774,1,80.4,1,73.4,1,1,77.72,1,1,81.2,1,76.26,2
775,1,76.7,1,89.7,2,3,66,2,1,90,2,68.55,1
776,1,62,1,65,2,3,60,2,0,84,2,64.15,3
777,0,74.9,2,57,2,1,62,2,1,80,2,60.78,0
778,1,67,2,68,2,3,64,2,1,74.4,1,53.49,1
779,1,73,1,64,2,3,77,2,1,65,1,60.98,2
780,0,77.44,1,92,2,3,72,2,1,94,2,67.13,0
781,0,72,1,56,2,1,69,2,0,55.6,1,65.63,3
782,0,47,1,59,1,2,64,2,0,78,2,61.58,0
783,1,67,2,63,1,3,72,2,0,56,1,60.41,2
784,0,82,2,64,2,1,73,1,1,96,2,71.77,3
785,1,77,1,70,1,3,59,2,1,58,2,54.43,1
786,1,65,1,64.8,2,3,69.5,2,1,56,2,56.94,0
787,1,66,1,64,1,1,60,2,0,60,1,61.9,2
788,1,85,1,60,2,1,73.43,1,1,60,2,61.29,1
789,1,77.67,2,64.89,2,3,70.67,2,0,89,2,60.39,2
790,1,52,2,50,2,2,61,2,0,60,2,58.52,3
791,1,89.4,2,65.66,2,1,71.25,1,0,72,1,63.23,1
792,1,62,1,63,2,1,66,2,0,85,1,55.14,0
793,1,70,1,74,1,3,65,2,0,83,2,62.28,0
794,0,77,1,86,1,2,56,2,0,57,2,64.08,3
795,1,44,1,58,1,2,55,2,1,64.25,1,58.54,2
796,1,71,1,58.66,1,1,58,1,1,56,2,61.3,3
797,1,65,1,65,1,3,75,2,0,83,2,58.87,1
798,0,75.4,2,60.5,1,1,84,1,0,98,2,65.25,0
799,1,49,2,59,2,1,65,1,1,86,2,62.48,2
800,1,53,1,63,2,1,60,2,1,70,2,53.2,1
801,1,51.57,2,74.66,2,3,59.9,2,1,56.15,1,65.99,0
802,1,84.2,1,69.4,1,1,65,1,1,80,1,52.72,3
803,1,66.5,1,62.5,1,3,60.9,2,0,93.4,2,55.03,0
804,1,67,2,63,2,1,64,1,0,60,2,61.87,2
805,1,52,1,49,2,3,58,2,0,62,1,60.59,0
806,1,87,1,74,1,1,65,1,1,75,1,72.29,3
807,1,55.6,2,51,2,3,57.5,2,0,57.63,1,62.72,0
808,1,74.2,1,87.6,2,3,77.25,2,1,75.2,2,66.06,1
809,1,63,2,67,2,1,64,1,0,75,2,66.46,3
810,0,67.16,1,72.5,1,3,63.35,2,0,53.04,2,65.52,2
811,0,63.3,1,78.33,2,3,74,2,0,80,2,74.56,0
812,1,62,2,62,2,3,60,2,1,63,1,52.38,2
813,1,67.9,2,62,2,1,67,1,1,58.1,2,75.71,0
814,0,48,1,51,1,3,58,2,1,60,1,58.79,3
815,1,59.96,2,42.16,2,1,61.26,1,0,54.48,1,65.48,0
816,0,63.4,2,67.2,2,3,60,2,0,58.06,1,69.28,2
817,1,80,2,80,2,3,72,2,1,63.79,2,66.04,1
818,1,73,2,58,2,3,56,2,0,84,1,52.64,1
819,0,52,2,52,2,1,55,1,0,67,1,59.32,3
820,1,73.24,2,50.83,2,1,64.27,1,1,64,2,66.23,2
821,1,63,2,62,2,1,65,1,0,87.5,1,60.69,0
822,0,59,1,60,2,3,56,2,0,55,1,57.9,2
823,0,73,1,97,2,3,79,2,1,89,2,70.81,3
824,1,68,2,56,2,1,68,1,0,73,1,68.07,3
825,0,77.8,1,64,1,1,64.2,1,0,75.5,1,72.14,2
826,1,65,1,71.5,2,3,62.8,2,1,57,2,56.6,1
827,1,62,1,60.33,2,1,64.21,1,0,63,1,60.02,0
828,1,52,2,65,2,2,57,2,1,75,2,59.81,2
829,1,65,1,77,1,3,69,2,0,60,1,61.82,3
830,0,56.28,2,62.83,2,3,59.79,2,0,60,1,57.29,0
831,0,88,1,72,1,1,78,2,0,82,1,71.43,1
832,0,52,1,64,1,3,61,2,0,55,2,62.93,0
833,1,78.5,1,65.5,1,1,67,1,1,95,2,64.86,1
834,1,61.8,2,47,2,3,54.38,2,0,57,2,56.13,3
835,0,54,1,77.6,2,3,69.2,2,0,95.65,2,66.94,0
836,0,64,2,70.2,1,3,61,2,0,50,2,62.5,0
837,1,67,2,61,1,1,72,2,0,72,2,61.01,1
838,1,65.2,1,61.4,1,3,64.8,2,1,93.4,2,57.34,1
839,0,60,1,63,1,2,56,2,1,80,1,56.63,1
840,1,52,2,55,2,3,56.3,2,0,59,2,64.74,2
841,1,66,1,76,1,3,72,2,1,84,1,58.95,1
842,1,72,2,63,2,1,77.5,1,1,78,2,54.48,1
843,0,83.96,2,53,2,1,91,1,0,59.32,1,69.71,3
844,0,67,1,70,1,3,65,2,0,88,1,71.96,0
845,1,69,2,65,2,3,57,2,0,73,1,55.8,1
846,1,69,2,60,2,3,65,2,0,87.55,2,52.81,1
847,1,54.2,1,63,2,1,58,2,0,79,1,58.44,0
848,1,70,1,63,1,1,66,1,0,61.28,1,60.11,2
849,1,55.68,2,61.33,2,3,56.87,2,0,66,1,58.3,2
850,0,74,2,73,2,3,73,2,1,80,2,67.69,3
851,1,61,2,62,2,3,65,2,0,62,2,56.81,1
852,1,41,1,42,1,1,60,2,0,97,2,53.39,3
853,1,83.33,1,78,2,3,61,2,1,88.56,2,71.55,1
854,0,43,1,60,2,1,65,2,0,92.66,1,62.92,0
855,1,62,1,72,1,3,65,2,0,67,2,56.49,2
856,1,80.6,2,82,2,3,77.6,2,0,91,2,74.49,1
857,1,58,2,60,2,1,72,1,0,74,2,53.62,1
858,1,67,2,67,2,3,73,2,1,59,2,69.72,3
859,0,74,2,66,2,3,58,2,0,70,1,60.23,1
860,1,62,1,58,2,1,53,2,0,89,1,60.22,2
861,1,67,2,91,2,3,58,1,0,55,1,58.8,2
862,1,79.33,1,78.33,2,1,77.48,1,1,86.5,2,66.28,2
863,1,65,1,68,1,2,64,2,0,75,2,57.8,1
864,1,56,1,52,1,1,52,1,0,66,1,59.43,3
865,1,85.8,1,73.6,1,3,73.3,2,0,96.8,2,55.5,0
866,1,55,2,49.8,2,1,67.25,1,1,55,2,51.58,2
867,0,46,2,49.2,2,3,79,2,0,74.28,2,53.29,2
868,1,82,1,64,1,1,66,1,1,67,2,62.14,3
869,1,73,1,79,1,3,72,2,0,91.34,2,61.29,3
870,1,58,1,70,1,3,61,2,0,54,2,52.21,3
871,1,58,1,61,1,3,60,2,1,62,1,60.85,1
872,1,69.6,1,68.4,1,3,78.3,2,1,60,2,63.7,2
873,0,47,1,55,2,1,65,2,0,62,1,65.04,0
874,0,77,1,87,1,3,59,2,0,68,2,68.63,1
875,1,62,1,47,1,3,50,2,0,76,1,54.96,0
876,0,65,1,75,1,3,69,2,1,72,2,64.66,2
877,1,63,1,66.2,1,3,65.6,2,1,60,2,62.54,3
878,0,55,1,67,1,3,64,2,0,60,2,67.28,0
879,0,63,1,66,1,3,64,2,0,68,1,64.08,2
880,1,60,2,67,2,2,70,2,1,50.48,2,77.89,0
881,1,62,2,65,2,3,66,2,0,50,1,56.7,0
882,0,79,2,76,2,3,85,2,0,95,2,69.06,3
883,0,69.8,2,60.8,2,1,72.23,1,0,55.53,1,68.81,2
884,0,77.4,2,60,2,1,64.74,1,1,92,2,63.62,0
885,1,76.5,2,97.7,2,1,78.86,1,0,97.4,2,74.01,2
886,0,52.58,2,54.6,1,3,50.2,2,1,76,2,65.33,0
887,1,71,2,79,2,3,66,2,1,94,2,57.55,3
888,1,63,2,67,2,3,66,2,0,68,1,57.69,0
889,1,76.76,2,76.5,2,3,67.5,2,1,73.35,2,64.15,3
890,1,62,1,67,1,3,58,2,0,77,2,51.29,0
891,0,64,1,73.5,1,3,73,2,0,52,1,56.7,2
892,0,67,1,53,1,1,65,1,0,64,1,58.32,3
893,0,61,1,81,1,3,66.4,2,0,50.89,1,62.21,2
894,0,87,2,65,2,1,81,2,1,88,2,72.78,0
895,1,62,2,51,2,1,52,2,0,68.44,1,62.77,3
896,0,69,1,78,1,3,72,2,0,71,1,62.74,1
897,1,51,1,44,1,3,57,2,0,64,2,51.45,2
898,0,79,1,76,1,1,65.6,1,0,58,1,55.47,1
899,0,73,2,58,2,1,66,2,0,53.7,1,56.86,3
900,1,81,2,68,2,1,64,1,0,93,2,62.56,0
901,0,78,1,77,2,3,80,2,0,60,2,66.72,2
902,0,74,2,63.16,2,3,65,2,1,65,1,69.76,0
903,1,49,2,39,1,1,65,2,0,63,2,51.21,3
904,1,87,2,87,2,3,68,2,0,95,1,62.9,1
905,0,77,2,73,2,3,81,2,1,89,2,69.7,2
906,0,76,1,64,1,1,72,1,0,58,1,66.53,3
907,0,70.89,2,71.98,2,1,65.6,2,0,68,1,71.63,0
908,1,63,1,60,1,3,57,2,1,78,2,54.55,1
909,1,63,2,62,2,3,68,2,0,64,2,62.46,2
910,0,50,2,37,2,2,52,2,0,65,1,56.11,0
911,0,75.2,1,73.2,1,1,68.4,2,0,65,1,62.98,3
912,1,54.4,1,61.12,1,3,56.2,2,0,67,1,62.65,0
913,0,40.89,2,45.83,2,3,53,2,0,71.2,1,65.49,2
914,1,80,2,70,2,1,72,1,0,87,1,71.04,3
915,0,74,1,60,2,1,69,2,0,78,1,65.56,1
916,1,60.4,1,66.6,2,1,65,2,0,71,1,52.71,0
917,1,63,2,71.4,2,3,61.4,2,0,68,2,66.88,2
918,1,68,1,76,1,3,74,2,0,80,2,63.59,0
919,1,74,1,62,2,1,68,2,0,74,2,57.99,2
920,1,52.6,1,65.58,2,1,72.11,1,0,57.6,2,56.66,0
921,1,74,1,70,1,1,72,2,1,60,2,57.24,2
922,1,84.2,1,73.4,1,3,66.89,2,0,61.6,2,62.48,0
923,0,86.5,2,64.2,2,1,67.4,1,0,59,2,59.69,3
924,1,61,2,70,2,3,64,2,0,68.5,1,59.5,3
925,1,80,2,73,2,3,75,2,0,61,2,58.78,1
926,1,54,2,47,2,1,57,2,0,89.69,1,57.1,2
927,1,83,2,74,2,1,66,2,0,68.92,1,58.46,3
928,1,80.92,2,78.5,2,3,67,2,0,68.71,2,60.99,2
929,0,69.7,1,47,1,3,72.7,1,0,79,1,59.24,0
930,1,73,1,73,1,1,66,1,1,70,2,68.07,0
931,1,82,2,61,2,1,62,1,0,89,2,65.45,3
932,1,75,2,70.29,2,3,71,2,0,95,2,66.94,1
933,1,84.86,2,67,2,1,78,2,0,95.5,2,68.53,2
934,1,64.6,1,83.83,2,3,71.72,2,0,86,2,59.75,1
935,1,56.6,1,64.8,1,3,70.2,2,0,84.27,2,67.2,2
936,0,59,1,62,2,3,77.5,2,0,74,1,67,3
937,0,66.5,2,70.4,1,2,71.93,2,0,61,2,64.27,1
938,1,64,2,80,2,1,65,1,1,69,2,57.65,2
939,1,84,2,90.9,2,1,64.5,1,0,86.04,2,59.42,3
940,0,69,1,62,1,1,66,1,0,75,1,67.99,0
941,0,69,2,62,2,3,69,2,1,67,1,62.35,2
942,1,81.7,2,63,2,1,67,2,1,86,2,70.2,3
943,1,63,1,67,1,3,74,2,0,82,2,60.44,0
944,1,84,2,79,2,1,68,1,1,84,2,66.69,1
945,1,70,1,63,2,1,70,1,1,55,2,62,2
946,0,83.84,2,89.83,2,3,77.2,2,1,78.74,2,76.18,3
947,1,62,2,63,2,3,64,2,0,67,2,57.03,0
948,1,59.6,1,51,1,1,60,2,0,75,1,59.08,0
949,0,66,1,62,1,3,73,2,0,58,1,64.36,2
950,0,84,2,75,2,1,69,1,1,62,1,62.36,0
951,0,85,2,90,2,3,82,2,0,92,2,68.03,3
952,1,52,1,57,1,3,50.8,2,0,67,1,62.79,2
953,0,60.23,1,69,1,1,66,2,0,72,2,59.47,1
954,1,52,1,62,1,3,54,2,0,72,1,55.41,3
955,1,58,1,62,1,3,64,2,0,53.88,2,54.97,1
956,1,73,1,78,2,3,65,2,1,95.46,2,62.16,1
957,0,76,1,70,1,1,76,2,1,66,2,64.44,1
958,0,70.5,1,62.5,2,3,61,2,0,93.91,2,69.03,0
959,0,69,1,73,1,3,65,2,0,70,2,57.31,1
960,1,54,1,82,2,3,63,1,0,50,2,59.47,2
961,0,45,2,57,2,3,58,2,1,56.39,1,64.95,3
962,1,63,1,72,1,3,68,2,0,78,1,60.44,2
963,0,77,2,61,2,3,68,2,1,57.5,2,61.31,1
964,1,73,1,78,1,1,73,1,1,85,1,65.83,0
965,1,69,1,63,2,1,65,2,1,55,1,58.23,0
966,1,59,1,64,2,1,58,1,0,85,1,55.3,3
967,1,61.08,2,50,2,1,54,1,0,71,2,65.69,3
968,1,82,2,90,2,3,83,2,0,80,1,73.52,3
969,1,61,1,82,1,3,69,2,0,84,2,58.31,2
970,1,52,1,63,2,1,65,1,1,86,1,56.09,0
971,0,69.5,1,70,1,1,72,1,0,57.2,1,54.8,2
972,1,51,2,54,2,1,61,1,0,60,1,60.64,0
973,1,58,2,61,2,3,61,2,0,58,1,53.94,1
974,0,73.96,2,79,2,3,67,2,0,72.15,2,63.08,2
975,1,65,1,68,2,1,69,2,0,53.7,1,55.01,0
976,0,73,2,63,2,1,66,2,0,89,2,60.5,1
977,1,68.2,1,72.8,1,3,66.6,2,1,96,2,70.85,2
978,1,77,2,75,2,1,73,1,0,80,2,67.05,2
979,1,76,1,80,1,1,78,1,1,97,1,70.48,0
980,1,60.8,1,68.4,1,3,64.6,2,1,82.66,2,64.34,3
981,1,58,2,40,2,1,59,2,0,73,1,58.81,0
982,0,64,1,67,2,1,69.6,1,1,55.67,1,71.49,1
983,0,66.5,1,66.8,1,2,69.3,2,1,80.4,2,71,0
984,1,74,2,59,2,3,73,2,1,60,1,56.7,3
985,1,67,1,71,1,1,64.33,2,1,64,1,61.26,3
986,0,84,1,73,1,3,73,2,0,75,2,73.33,3
987,0,79,2,61,2,1,75.5,1,1,70,2,68.2,0
988,0,72,2,60,2,1,69,2,0,55.5,1,58.4,1
989,1,80.4,1,73.4,1,1,77.72,1,1,81.2,1,76.26,2
990,1,76.7,1,89.7,2,3,66,2,1,90,2,68.55,1
991,1,62,1,65,2,3,60,2,0,84,2,64.15,3
992,0,74.9,2,57,2,1,62,2,1,80,2,60.78,0
993,1,67,2,68,2,3,64,2,1,74.4,1,53.49,1
994,1,73,1,64,2,3,77,2,1,65,1,60.98,2
995,0,77.44,1,92,2,3,72,2,1,94,2,67.13,0
996,0,72,1,56,2,1,69,2,0,55.6,1,65.63,3
997,0,47,1,59,1,2,64,2,0,78,2,61.58,0
998,1,67,2,63,1,3,72,2,0,56,1,60.41,2
999,0,82,2,64,2,1,73,1,1,96,2,71.77,3
1000,1,77,1,70,1,3,59,2,1,58,2,54.43,1
1001,1,65,1,64.8,2,3,69.5,2,1,56,2,56.94,0
1002,1,66,1,64,1,1,60,2,0,60,1,61.9,2
1003,1,85,1,60,2,1,73.43,1,1,60,2,61.29,1
1004,1,77.67,2,64.89,2,3,70.67,2,0,89,2,60.39,2
1005,1,52,2,50,2,2,61,2,0,60,2,58.52,3
1006,1,89.4,2,65.66,2,1,71.25,1,0,72,1,63.23,1
1007,1,62,1,63,2,1,66,2,0,85,1,55.14,0
1008,1,70,1,74,1,3,65,2,0,83,2,62.28,0
1009,0,77,1,86,1,2,56,2,0,57,2,64.08,3
1010,1,44,1,58,1,2,55,2,1,64.25,1,58.54,2
1011,1,71,1,58.66,1,1,58,1,1,56,2,61.3,3
1012,1,65,1,65,1,3,75,2,0,83,2,58.87,1
1013,0,75.4,2,60.5,1,1,84,1,0,98,2,65.25,0
1014,1,49,2,59,2,1,65,1,1,86,2,62.48,2
1015,1,53,1,63,2,1,60,2,1,70,2,53.2,1
1016,1,51.57,2,74.66,2,3,59.9,2,1,56.15,1,65.99,0
1017,1,84.2,1,69.4,1,1,65,1,1,80,1,52.72,3
1018,1,66.5,1,62.5,1,3,60.9,2,0,93.4,2,55.03,0
1019,1,67,2,63,2,1,64,1,0,60,2,61.87,2
1020,1,52,1,49,2,3,58,2,0,62,1,60.59,0
1021,1,87,1,74,1,1,65,1,1,75,1,72.29,3
1022,1,55.6,2,51,2,3,57.5,2,0,57.63,1,62.72,0
1023,1,74.2,1,87.6,2,3,77.25,2,1,75.2,2,66.06,1
1024,1,63,2,67,2,1,64,1,0,75,2,66.46,3
1025,0,67.16,1,72.5,1,3,63.35,2,0,53.04,2,65.52,2
1026,0,63.3,1,78.33,2,3,74,2,0,80,2,74.56,0
1027,1,62,2,62,2,3,60,2,1,63,1,52.38,2
1028,1,67.9,2,62,2,1,67,1,1,58.1,2,75.71,0
1029,0,48,1,51,1,3,58,2,1,60,1,58.79,3
1030,1,59.96,2,42.16,2,1,61.26,1,0,54.48,1,65.48,0
1031,0,63.4,2,67.2,2,3,60,2,0,58.06,1,69.28,2
1032,1,80,2,80,2,3,72,2,1,63.79,2,66.04,1
1033,1,73,2,58,2,3,56,2,0,84,1,52.64,1
1034,0,52,2,52,2,1,55,1,0,67,1,59.32,3
1035,1,73.24,2,50.83,2,1,64.27,1,1,64,2,66.23,2
1036,1,63,2,62,2,1,65,1,0,87.5,1,60.69,0
1037,0,59,1,60,2,3,56,2,0,55,1,57.9,2
1038,0,73,1,97,2,3,79,2,1,89,2,70.81,3
1039,1,68,2,56,2,1,68,1,0,73,1,68.07,3
1040,0,77.8,1,64,1,1,64.2,1,0,75.5,1,72.14,2
1041,1,65,1,71.5,2,3,62.8,2,1,57,2,56.6,1
1042,1,62,1,60.33,2,1,64.21,1,0,63,1,60.02,0
1043,1,52,2,65,2,2,57,2,1,75,2,59.81,2
1044,1,65,1,77,1,3,69,2,0,60,1,61.82,3
1045,0,56.28,2,62.83,2,3,59.79,2,0,60,1,57.29,0
1046,0,88,1,72,1,1,78,2,0,82,1,71.43,1
1047,0,52,1,64,1,3,61,2,0,55,2,62.93,0
1048,1,78.5,1,65.5,1,1,67,1,1,95,2,64.86,1
1049,1,61.8,2,47,2,3,54.38,2,0,57,2,56.13,3
1050,0,54,1,77.6,2,3,69.2,2,0,95.65,2,66.94,0
1051,0,64,2,70.2,1,3,61,2,0,50,2,62.5,0
1052,1,67,2,61,1,1,72,2,0,72,2,61.01,1
1053,1,65.2,1,61.4,1,3,64.8,2,1,93.4,2,57.34,1
1054,0,60,1,63,1,2,56,2,1,80,1,56.63,1
1055,1,52,2,55,2,3,56.3,2,0,59,2,64.74,2
1056,1,66,1,76,1,3,72,2,1,84,1,58.95,1
1057,1,72,2,63,2,1,77.5,1,1,78,2,54.48,1
1058,0,83.96,2,53,2,1,91,1,0,59.32,1,69.71,3
1059,0,67,1,70,1,3,65,2,0,88,1,71.96,0
1060,1,69,2,65,2,3,57,2,0,73,1,55.8,1
1061,1,69,2,60,2,3,65,2,0,87.55,2,52.81,1
1062,1,54.2,1,63,2,1,58,2,0,79,1,58.44,0
1063,1,70,1,63,1,1,66,1,0,61.28,1,60.11,2
1064,1,55.68,2,61.33,2,3,56.87,2,0,66,1,58.3,2
1065,0,74,2,73,2,3,73,2,1,80,2,67.69,3
1066,1,61,2,62,2,3,65,2,0,62,2,56.81,1
1067,1,41,1,42,1,1,60,2,0,97,2,53.39,3
1068,1,83.33,1,78,2,3,61,2,1,88.56,2,71.55,1
1069,0,43,1,60,2,1,65,2,0,92.66,1,62.92,0
1070,1,62,1,72,1,3,65,2,0,67,2,56.49,2
1071,1,80.6,2,82,2,3,77.6,2,0,91,2,74.49,1
1072,1,58,2,60,2,1,72,1,0,74,2,53.62,1
1073,1,67,2,67,2,3,73,2,1,59,2,69.72,3
1074,0,74,2,66,2,3,58,2,0,70,1,60.23,1
1075,1,62,1,58,2,1,53,2,0,89,1,60.22,2
1076,1,67,2,91,2,3,58,1,0,55,1,58.8,2
1077,1,79.33,1,78.33,2,1,77.48,1,1,86.5,2,66.28,2
1078,1,65,1,68,1,2,64,2,0,75,2,57.8,1
1079,1,56,1,52,1,1,52,1,0,66,1,59.43,3
1080,1,85.8,1,73.6,1,3,73.3,2,0,96.8,2,55.5,0
1081,1,55,2,49.8,2,1,67.25,1,1,55,2,51.58,2
1082,0,46,2,49.2,2,3,79,2,0,74.28,2,53.29,2
1083,1,82,1,64,1,1,66,1,1,67,2,62.14,3
1084,1,73,1,79,1,3,72,2,0,91.34,2,61.29,3
1085,1,58,1,70,1,3,61,2,0,54,2,52.21,3
1086,1,58,1,61,1,3,60,2,1,62,1,60.85,1
1087,1,69.6,1,68.4,1,3,78.3,2,1,60,2,63.7,2
1088,0,47,1,55,2,1,65,2,0,62,1,65.04,0
1089,0,77,1,87,1,3,59,2,0,68,2,68.63,1
1090,1,62,1,47,1,3,50,2,0,76,1,54.96,0
1091,0,65,1,75,1,3,69,2,1,72,2,64.66,2
1092,1,63,1,66.2,1,3,65.6,2,1,60,2,62.54,3
1093,0,55,1,67,1,3,64,2,0,60,2,67.28,0
1094,0,63,1,66,1,3,64,2,0,68,1,64.08,2
1095,1,60,2,67,2,2,70,2,1,50.48,2,77.89,0
1096,1,62,2,65,2,3,66,2,0,50,1,56.7,0
1097,0,79,2,76,2,3,85,2,0,95,2,69.06,3
1098,0,69.8,2,60.8,2,1,72.23,1,0,55.53,1,68.81,2
1099,0,77.4,2,60,2,1,64.74,1,1,92,2,63.62,0
1100,1,76.5,2,97.7,2,1,78.86,1,0,97.4,2,74.01,2
1101,0,52.58,2,54.6,1,3,50.2,2,1,76,2,65.33,0
1102,1,71,2,79,2,3,66,2,1,94,2,57.55,3
1103,1,63,2,67,2,3,66,2,0,68,1,57.69,0
1104,1,76.76,2,76.5,2,3,67.5,2,1,73.35,2,64.15,3
1105,1,62,1,67,1,3,58,2,0,77,2,51.29,0
1106,0,64,1,73.5,1,3,73,2,0,52,1,56.7,2
1107,0,67,1,53,1,1,65,1,0,64,1,58.32,3
1108,0,61,1,81,1,3,66.4,2,0,50.89,1,62.21,2
1109,0,87,2,65,2,1,81,2,1,88,2,72.78,0
1110,1,62,2,51,2,1,52,2,0,68.44,1,62.77,3
1111,0,69,1,78,1,3,72,2,0,71,1,62.74,1
1112,1,51,1,44,1,3,57,2,0,64,2,51.45,2
1113,0,79,1,76,1,1,65.6,1,0,58,1,55.47,1
1114,0,73,2,58,2,1,66,2,0,53.7,1,56.86,3
1115,1,81,2,68,2,1,64,1,0,93,2,62.56,0
1116,0,78,1,77,2,3,80,2,0,60,2,66.72,2
1117,0,74,2,63.16,2,3,65,2,1,65,1,69.76,0
1118,1,49,2,39,1,1,65,2,0,63,2,51.21,3
1119,1,87,2,87,2,3,68,2,0,95,1,62.9,1
1120,0,77,2,73,2,3,81,2,1,89,2,69.7,2
1121,0,76,1,64,1,1,72,1,0,58,1,66.53,3
1122,0,70.89,2,71.98,2,1,65.6,2,0,68,1,71.63,0
1123,1,63,1,60,1,3,57,2,1,78,2,54.55,1
1124,1,63,2,62,2,3,68,2,0,64,2,62.46,2
1125,0,50,2,37,2,2,52,2,0,65,1,56.11,0
1126,0,75.2,1,73.2,1,1,68.4,2,0,65,1,62.98,3
1127,1,54.4,1,61.12,1,3,56.2,2,0,67,1,62.65,0
1128,0,40.89,2,45.83,2,3,53,2,0,71.2,1,65.49,2
1129,1,80,2,70,2,1,72,1,0,87,1,71.04,3
1130,0,74,1,60,2,1,69,2,0,78,1,65.56,1
1131,1,60.4,1,66.6,2,1,65,2,0,71,1,52.71,0
1132,1,63,2,71.4,2,3,61.4,2,0,68,2,66.88,2
1133,1,68,1,76,1,3,74,2,0,80,2,63.59,0
1134,1,74,1,62,2,1,68,2,0,74,2,57.99,2
1135,1,52.6,1,65.58,2,1,72.11,1,0,57.6,2,56.66,0
1136,1,74,1,70,1,1,72,2,1,60,2,57.24,2
1137,1,84.2,1,73.4,1,3,66.89,2,0,61.6,2,62.48,0
1138,0,86.5,2,64.2,2,1,67.4,1,0,59,2,59.69,3
1139,1,61,2,70,2,3,64,2,0,68.5,1,59.5,3
1140,1,80,2,73,2,3,75,2,0,61,2,58.78,1
1141,1,54,2,47,2,1,57,2,0,89.69,1,57.1,2
1142,1,83,2,74,2,1,66,2,0,68.92,1,58.46,3
1143,1,80.92,2,78.5,2,3,67,2,0,68.71,2,60.99,2
1144,0,69.7,1,47,1,3,72.7,1,0,79,1,59.24,0
1145,1,73,1,73,1,1,66,1,1,70,2,68.07,0
1146,1,82,2,61,2,1,62,1,0,89,2,65.45,3
1147,1,75,2,70.29,2,3,71,2,0,95,2,66.94,1
1148,1,84.86,2,67,2,1,78,2,0,95.5,2,68.53,2
1149,1,64.6,1,83.83,2,3,71.72,2,0,86,2,59.75,1
1150,1,56.6,1,64.8,1,3,70.2,2,0,84.27,2,67.2,2
1151,0,59,1,62,2,3,77.5,2,0,74,1,67,3
1152,0,66.5,2,70.4,1,2,71.93,2,0,61,2,64.27,1
1153,1,64,2,80,2,1,65,1,1,69,2,57.65,2
1154,1,84,2,90.9,2,1,64.5,1,0,86.04,2,59.42,3
1155,0,69,1,62,1,1,66,1,0,75,1,67.99,0
1156,0,69,2,62,2,3,69,2,1,67,1,62.35,2
1157,1,81.7,2,63,2,1,67,2,1,86,2,70.2,3
1158,1,63,1,67,1,3,74,2,0,82,2,60.44,0
1159,1,84,2,79,2,1,68,1,1,84,2,66.69,1
1160,1,70,1,63,2,1,70,1,1,55,2,62,2
1161,0,83.84,2,89.83,2,3,77.2,2,1,78.74,2,76.18,3
1162,1,62,2,63,2,3,64,2,0,67,2,57.03,0
1163,1,59.6,1,51,1,1,60,2,0,75,1,59.08,0
1164,0,66,1,62,1,3,73,2,0,58,1,64.36,2
1165,0,84,2,75,2,1,69,1,1,62,1,62.36,0
1166,0,85,2,90,2,3,82,2,0,92,2,68.03,3
1167,1,52,1,57,1,3,50.8,2,0,67,1,62.79,2
1168,0,60.23,1,69,1,1,66,2,0,72,2,59.47,1
1169,1,52,1,62,1,3,54,2,0,72,1,55.41,3
1170,1,58,1,62,1,3,64,2,0,53.88,2,54.97,1
1171,1,73,1,78,2,3,65,2,1,95.46,2,62.16,1
1172,0,76,1,70,1,1,76,2,1,66,2,64.44,1
1173,0,70.5,1,62.5,2,3,61,2,0,93.91,2,69.03,0
1174,0,69,1,73,1,3,65,2,0,70,2,57.31,1
1175,1,54,1,82,2,3,63,1,0,50,2,59.47,2
1176,0,45,2,57,2,3,58,2,1,56.39,1,64.95,3
1177,1,63,1,72,1,3,68,2,0,78,1,60.44,2
1178,0,77,2,61,2,3,68,2,1,57.5,2,61.31,1
1179,1,73,1,78,1,1,73,1,1,85,1,65.83,0
1180,1,69,1,63,2,1,65,2,1,55,1,58.23,0
1181,1,59,1,64,2,1,58,1,0,85,1,55.3,3
1182,1,61.08,2,50,2,1,54,1,0,71,2,65.69,3
1183,1,82,2,90,2,3,83,2,0,80,1,73.52,3
1184,1,61,1,82,1,3,69,2,0,84,2,58.31,2
1185,1,52,1,63,2,1,65,1,1,86,1,56.09,0
1186,0,69.5,1,70,1,1,72,1,0,57.2,1,54.8,2
1187,1,51,2,54,2,1,61,1,0,60,1,60.64,0
1188,1,58,2,61,2,3,61,2,0,58,1,53.94,1
1189,0,73.96,2,79,2,3,67,2,0,72.15,2,63.08,2
1190,1,65,1,68,2,1,69,2,0,53.7,1,55.01,0
1191,0,73,2,63,2,1,66,2,0,89,2,60.5,1
1192,1,68.2,1,72.8,1,3,66.6,2,1,96,2,70.85,2
1193,1,77,2,75,2,1,73,1,0,80,2,67.05,2
1194,1,76,1,80,1,1,78,1,1,97,1,70.48,0
1195,1,60.8,1,68.4,1,3,64.6,2,1,82.66,2,64.34,3
1196,1,58,2,40,2,1,59,2,0,73,1,58.81,0
1197,0,64,1,67,2,1,69.6,1,1,55.67,1,71.49,1
1198,0,66.5,1,66.8,1,2,69.3,2,1,80.4,2,71,0
1199,1,74,2,59,2,3,73,2,1,60,1,56.7,3
1200,1,67,1,71,1,1,64.33,2,1,64,1,61.26,3
1201,0,84,1,73,1,3,73,2,0,75,2,73.33,3
1202,0,79,2,61,2,1,75.5,1,1,70,2,68.2,0
1203,0,72,2,60,2,1,69,2,0,55.5,1,58.4,1
1204,1,80.4,1,73.4,1,1,77.72,1,1,81.2,1,76.26,2
1205,1,76.7,1,89.7,2,3,66,2,1,90,2,68.55,1
1206,1,62,1,65,2,3,60,2,0,84,2,64.15,3
1207,0,74.9,2,57,2,1,62,2,1,80,2,60.78,0
1208,1,67,2,68,2,3,64,2,1,74.4,1,53.49,1
1209,1,73,1,64,2,3,77,2,1,65,1,60.98,2
1210,0,77.44,1,92,2,3,72,2,1,94,2,67.13,0
1211,0,72,1,56,2,1,69,2,0,55.6,1,65.63,3
1212,0,47,1,59,1,2,64,2,0,78,2,61.58,0
1213,1,67,2,63,1,3,72,2,0,56,1,60.41,2
1214,0,82,2,64,2,1,73,1,1,96,2,71.77,3
1215,1,77,1,70,1,3,59,2,1,58,2,54.43,1
1216,1,65,1,64.8,2,3,69.5,2,1,56,2,56.94,0
1217,1,66,1,64,1,1,60,2,0,60,1,61.9,2
1218,1,85,1,60,2,1,73.43,1,1,60,2,61.29,1
1219,1,77.67,2,64.89,2,3,70.67,2,0,89,2,60.39,2
1220,1,52,2,50,2,2,61,2,0,60,2,58.52,3
1221,1,89.4,2,65.66,2,1,71.25,1,0,72,1,63.23,1
1222,1,62,1,63,2,1,66,2,0,85,1,55.14,0
1223,1,70,1,74,1,3,65,2,0,83,2,62.28,0
1224,0,77,1,86,1,2,56,2,0,57,2,64.08,3
1225,1,44,1,58,1,2,55,2,1,64.25,1,58.54,2
1226,1,71,1,58.66,1,1,58,1,1,56,2,61.3,3
1227,1,65,1,65,1,3,75,2,0,83,2,58.87,1
1228,0,75.4,2,60.5,1,1,84,1,0,98,2,65.25,0
1229,1,49,2,59,2,1,65,1,1,86,2,62.48,2
1230,1,53,1,63,2,1,60,2,1,70,2,53.2,1
1231,1,51.57,2,74.66,2,3,59.9,2,1,56.15,1,65.99,0
1232,1,84.2,1,69.4,1,1,65,1,1,80,1,52.72,3
1233,1,66.5,1,62.5,1,3,60.9,2,0,93.4,2,55.03,0
1234,1,67,2,63,2,1,64,1,0,60,2,61.87,2
1235,1,52,1,49,2,3,58,2,0,62,1,60.59,0
1236,1,87,1,74,1,1,65,1,1,75,1,72.29,3
1237,1,55.6,2,51,2,3,57.5,2,0,57.63,1,62.72,0
1238,1,74.2,1,87.6,2,3,77.25,2,1,75.2,2,66.06,1
1239,1,63,2,67,2,1,64,1,0,75,2,66.46,3
1240,0,67.16,1,72.5,1,3,63.35,2,0,53.04,2,65.52,2
1241,0,63.3,1,78.33,2,3,74,2,0,80,2,74.56,0
1242,1,62,2,62,2,3,60,2,1,63,1,52.38,2
1243,1,67.9,2,62,2,1,67,1,1,58.1,2,75.71,0
1244,0,48,1,51,1,3,58,2,1,60,1,58.79,3
1245,1,59.96,2,42.16,2,1,61.26,1,0,54.48,1,65.48,0
1246,0,63.4,2,67.2,2,3,60,2,0,58.06,1,69.28,2
1247,1,80,2,80,2,3,72,2,1,63.79,2,66.04,1
1248,1,73,2,58,2,3,56,2,0,84,1,52.64,1
1249,0,52,2,52,2,1,55,1,0,67,1,59.32,3
1250,1,73.24,2,50.83,2,1,64.27,1,1,64,2,66.23,2
1251,1,63,2,62,2,1,65,1,0,87.5,1,60.69,0
1252,0,59,1,60,2,3,56,2,0,55,1,57.9,2
1253,0,73,1,97,2,3,79,2,1,89,2,70.81,3
1254,1,68,2,56,2,1,68,1,0,73,1,68.07,3
1255,0,77.8,1,64,1,1,64.2,1,0,75.5,1,72.14,2
1256,1,65,1,71.5,2,3,62.8,2,1,57,2,56.6,1
1257,1,62,1,60.33,2,1,64.21,1,0,63,1,60.02,0
1258,1,52,2,65,2,2,57,2,1,75,2,59.81,2
1259,1,65,1,77,1,3,69,2,0,60,1,61.82,3
1260,0,56.28,2,62.83,2,3,59.79,2,0,60,1,57.29,0
1261,0,88,1,72,1,1,78,2,0,82,1,71.43,1
1262,0,52,1,64,1,3,61,2,0,55,2,62.93,0
1263,1,78.5,1,65.5,1,1,67,1,1,95,2,64.86,1
1264,1,61.8,2,47,2,3,54.38,2,0,57,2,56.13,3
1265,0,54,1,77.6,2,3,69.2,2,0,95.65,2,66.94,0
1266,0,64,2,70.2,1,3,61,2,0,50,2,62.5,0
1267,1,67,2,61,1,1,72,2,0,72,2,61.01,1
1268,1,65.2,1,61.4,1,3,64.8,2,1,93.4,2,57.34,1
1269,0,60,1,63,1,2,56,2,1,80,1,56.63,1
1270,1,52,2,55,2,3,56.3,2,0,59,2,64.74,2
1271,1,66,1,76,1,3,72,2,1,84,1,58.95,1
1272,1,72,2,63,2,1,77.5,1,1,78,2,54.48,1
1273,0,83.96,2,53,2,1,91,1,0,59.32,1,69.71,3
1274,0,67,1,70,1,3,65,2,0,88,1,71.96,0
1275,1,69,2,65,2,3,57,2,0,73,1,55.8,1
1276,1,69,2,60,2,3,65,2,0,87.55,2,52.81,1
1277,1,54.2,1,63,2,1,58,2,0,79,1,58.44,0
1278,1,70,1,63,1,1,66,1,0,61.28,1,60.11,2
1279,1,55.68,2,61.33,2,3,56.87,2,0,66,1,58.3,2
1280,0,74,2,73,2,3,73,2,1,80,2,67.69,3
1281,1,61,2,62,2,3,65,2,0,62,2,56.81,1
1282,1,41,1,42,1,1,60,2,0,97,2,53.39,3
1283,1,83.33,1,78,2,3,61,2,1,88.56,2,71.55,1
1284,0,43,1,60,2,1,65,2,0,92.66,1,62.92,0
1285,1,62,1,72,1,3,65,2,0,67,2,56.49,2
1286,1,80.6,2,82,2,3,77.6,2,0,91,2,74.49,1
1287,1,58,2,60,2,1,72,1,0,74,2,53.62,1
1288,1,67,2,67,2,3,73,2,1,59,2,69.72,3
1289,0,74,2,66,2,3,58,2,0,70,1,60.23,1
1290,1,62,1,58,2,1,53,2,0,89,1,60.22,2
1291,1,67,2,91,2,3,58,1,0,55,1,58.8,2
1292,1,79.33,1,78.33,2,1,77.48,1,1,86.5,2,66.28,2
1293,1,65,1,68,1,2,64,2,0,75,2,57.8,1
1294,1,56,1,52,1,1,52,1,0,66,1,59.43,3
1295,1,85.8,1,73.6,1,3,73.3,2,0,96.8,2,55.5,0
1296,1,55,2,49.8,2,1,67.25,1,1,55,2,51.58,2
1297,0,46,2,49.2,2,3,79,2,0,74.28,2,53.29,2
1298,1,82,1,64,1,1,66,1,1,67,2,62.14,3
1299,1,73,1,79,1,3,72,2,0,91.34,2,61.29,3
1300,1,58,1,70,1,3,61,2,0,54,2,52.21,3
1301,1,58,1,61,1,3,60,2,1,62,1,60.85,1
1302,1,69.6,1,68.4,1,3,78.3,2,1,60,2,63.7,2
1303,0,47,1,55,2,1,65,2,0,62,1,65.04,0
1304,0,77,1,87,1,3,59,2,0,68,2,68.63,1
1305,1,62,1,47,1,3,50,2,0,76,1,54.96,0
1306,0,65,1,75,1,3,69,2,1,72,2,64.66,2
1307,1,63,1,66.2,1,3,65.6,2,1,60,2,62.54,3
1308,0,55,1,67,1,3,64,2,0,60,2,67.28,0
1309,0,63,1,66,1,3,64,2,0,68,1,64.08,2
1310,1,60,2,67,2,2,70,2,1,50.48,2,77.89,0
1311,1,62,2,65,2,3,66,2,0,50,1,56.7,0
1312,0,79,2,76,2,3,85,2,0,95,2,69.06,3
1313,0,69.8,2,60.8,2,1,72.23,1,0,55.53,1,68.81,2
1314,0,77.4,2,60,2,1,64.74,1,1,92,2,63.62,0
1315,1,76.5,2,97.7,2,1,78.86,1,0,97.4,2,74.01,2
1316,0,52.58,2,54.6,1,3,50.2,2,1,76,2,65.33,0
1317,1,71,2,79,2,3,66,2,1,94,2,57.55,3
1318,1,63,2,67,2,3,66,2,0,68,1,57.69,0
1319,1,76.76,2,76.5,2,3,67.5,2,1,73.35,2,64.15,3
1320,1,62,1,67,1,3,58,2,0,77,2,51.29,0
1321,0,64,1,73.5,1,3,73,2,0,52,1,56.7,2
1322,0,67,1,53,1,1,65,1,0,64,1,58.32,3
1323,0,61,1,81,1,3,66.4,2,0,50.89,1,62.21,2
1324,0,87,2,65,2,1,81,2,1,88,2,72.78,0
1325,1,62,2,51,2,1,52,2,0,68.44,1,62.77,3
1326,0,69,1,78,1,3,72,2,0,71,1,62.74,1
1327,1,51,1,44,1,3,57,2,0,64,2,51.45,2
1328,0,79,1,76,1,1,65.6,1,0,58,1,55.47,1
1329,0,73,2,58,2,1,66,2,0,53.7,1,56.86,3
1330,1,81,2,68,2,1,64,1,0,93,2,62.56,0
1331,0,78,1,77,2,3,80,2,0,60,2,66.72,2
1332,0,74,2,63.16,2,3,65,2,1,65,1,69.76,0
1333,1,49,2,39,1,1,65,2,0,63,2,51.21,3
1334,1,87,2,87,2,3,68,2,0,95,1,62.9,1
1335,0,77,2,73,2,3,81,2,1,89,2,69.7,2
1336,0,76,1,64,1,1,72,1,0,58,1,66.53,3
1337,0,70.89,2,71.98,2,1,65.6,2,0,68,1,71.63,0
1338,1,63,1,60,1,3,57,2,1,78,2,54.55,1
1339,1,63,2,62,2,3,68,2,0,64,2,62.46,2
1340,0,50,2,37,2,2,52,2,0,65,1,56.11,0
1341,0,75.2,1,73.2,1,1,68.4,2,0,65,1,62.98,3
1342,1,54.4,1,61.12,1,3,56.2,2,0,67,1,62.65,0
1343,0,40.89,2,45.83,2,3,53,2,0,71.2,1,65.49,2
1344,1,80,2,70,2,1,72,1,0,87,1,71.04,3
1345,0,74,1,60,2,1,69,2,0,78,1,65.56,1
1346,1,60.4,1,66.6,2,1,65,2,0,71,1,52.71,0
1347,1,63,2,71.4,2,3,61.4,2,0,68,2,66.88,2
1348,1,68,1,76,1,3,74,2,0,80,2,63.59,0
1349,1,74,1,62,2,1,68,2,0,74,2,57.99,2
1350,1,52.6,1,65.58,2,1,72.11,1,0,57.6,2,56.66,0
1351,1,74,1,70,1,1,72,2,1,60,2,57.24,2
1352,1,84.2,1,73.4,1,3,66.89,2,0,61.6,2,62.48,0
1353,0,86.5,2,64.2,2,1,67.4,1,0,59,2,59.69,3
1354,1,61,2,70,2,3,64,2,0,68.5,1,59.5,3
1355,1,80,2,73,2,3,75,2,0,61,2,58.78,1
1356,1,54,2,47,2,1,57,2,0,89.69,1,57.1,2
1357,1,83,2,74,2,1,66,2,0,68.92,1,58.46,3
1358,1,80.92,2,78.5,2,3,67,2,0,68.71,2,60.99,2
1359,0,69.7,1,47,1,3,72.7,1,0,79,1,59.24,0
1360,1,73,1,73,1,1,66,1,1,70,2,68.07,0
1361,1,82,2,61,2,1,62,1,0,89,2,65.45,3
1362,1,75,2,70.29,2,3,71,2,0,95,2,66.94,1
1363,1,84.86,2,67,2,1,78,2,0,95.5,2,68.53,2
1364,1,64.6,1,83.83,2,3,71.72,2,0,86,2,59.75,1
1365,1,56.6,1,64.8,1,3,70.2,2,0,84.27,2,67.2,2
1366,0,59,1,62,2,3,77.5,2,0,74,1,67,3
1367,0,66.5,2,70.4,1,2,71.93,2,0,61,2,64.27,1
1368,1,64,2,80,2,1,65,1,1,69,2,57.65,2
1369,1,84,2,90.9,2,1,64.5,1,0,86.04,2,59.42,3
1370,0,69,1,62,1,1,66,1,0,75,1,67.99,0
1371,0,69,2,62,2,3,69,2,1,67,1,62.35,2
1372,1,81.7,2,63,2,1,67,2,1,86,2,70.2,3
1373,1,63,1,67,1,3,74,2,0,82,2,60.44,0
1374,1,84,2,79,2,1,68,1,1,84,2,66.69,1
1375,1,70,1,63,2,1,70,1,1,55,2,62,2
1376,0,83.84,2,89.83,2,3,77.2,2,1,78.74,2,76.18,3
1377,1,62,2,63,2,3,64,2,0,67,2,57.03,0
1378,1,59.6,1,51,1,1,60,2,0,75,1,59.08,0
1379,0,66,1,62,1,3,73,2,0,58,1,64.36,2
1380,0,84,2,75,2,1,69,1,1,62,1,62.36,0
1381,0,85,2,90,2,3,82,2,0,92,2,68.03,3
1382,1,52,1,57,1,3,50.8,2,0,67,1,62.79,2
1383,0,60.23,1,69,1,1,66,2,0,72,2,59.47,1
1384,1,52,1,62,1,3,54,2,0,72,1,55.41,3
1385,1,58,1,62,1,3,64,2,0,53.88,2,54.97,1
1386,1,73,1,78,2,3,65,2,1,95.46,2,62.16,1
1387,0,76,1,70,1,1,76,2,1,66,2,64.44,1
1388,0,70.5,1,62.5,2,3,61,2,0,93.91,2,69.03,0
1389,0,69,1,73,1,3,65,2,0,70,2,57.31,1
1390,1,54,1,82,2,3,63,1,0,50,2,59.47,2
1391,0,45,2,57,2,3,58,2,1,56.39,1,64.95,3
1392,1,63,1,72,1,3,68,2,0,78,1,60.44,2
1393,0,77,2,61,2,3,68,2,1,57.5,2,61.31,1
1394,1,73,1,78,1,1,73,1,1,85,1,65.83,0
1395,1,69,1,63,2,1,65,2,1,55,1,58.23,0
1396,1,59,1,64,2,1,58,1,0,85,1,55.3,3
1397,1,61.08,2,50,2,1,54,1,0,71,2,65.69,3
1398,1,82,2,90,2,3,83,2,0,80,1,73.52,3
1399,1,61,1,82,1,3,69,2,0,84,2,58.31,2
1400,1,52,1,63,2,1,65,1,1,86,1,56.09,0
1401,0,69.5,1,70,1,1,72,1,0,57.2,1,54.8,2
1402,1,51,2,54,2,1,61,1,0,60,1,60.64,0
1403,1,58,2,61,2,3,61,2,0,58,1,53.94,1
1404,0,73.96,2,79,2,3,67,2,0,72.15,2,63.08,2
1405,1,65,1,68,2,1,69,2,0,53.7,1,55.01,0
1406,0,73,2,63,2,1,66,2,0,89,2,60.5,1
1407,1,68.2,1,72.8,1,3,66.6,2,1,96,2,70.85,2
1408,1,77,2,75,2,1,73,1,0,80,2,67.05,2
1409,1,76,1,80,1,1,78,1,1,97,1,70.48,0
1410,1,60.8,1,68.4,1,3,64.6,2,1,82.66,2,64.34,3
1411,1,58,2,40,2,1,59,2,0,73,1,58.81,0
1412,0,64,1,67,2,1,69.6,1,1,55.67,1,71.49,1
1413,0,66.5,1,66.8,1,2,69.3,2,1,80.4,2,71,0
1414,1,74,2,59,2,3,73,2,1,60,1,56.7,3
1415,1,67,1,71,1,1,64.33,2,1,64,1,61.26,3
1416,0,84,1,73,1,3,73,2,0,75,2,73.33,3
1417,0,79,2,61,2,1,75.5,1,1,70,2,68.2,0
1418,0,72,2,60,2,1,69,2,0,55.5,1,58.4,1
1419,1,80.4,1,73.4,1,1,77.72,1,1,81.2,1,76.26,2
1420,1,76.7,1,89.7,2,3,66,2,1,90,2,68.55,1
1421,1,62,1,65,2,3,60,2,0,84,2,64.15,3
1422,0,74.9,2,57,2,1,62,2,1,80,2,60.78,0
1423,1,67,2,68,2,3,64,2,1,74.4,1,53.49,1
1424,1,73,1,64,2,3,77,2,1,65,1,60.98,2
1425,0,77.44,1,92,2,3,72,2,1,94,2,67.13,0
1426,0,72,1,56,2,1,69,2,0,55.6,1,65.63,3
1427,0,47,1,59,1,2,64,2,0,78,2,61.58,0
1428,1,67,2,63,1,3,72,2,0,56,1,60.41,2
1429,0,82,2,64,2,1,73,1,1,96,2,71.77,3
1430,1,77,1,70,1,3,59,2,1,58,2,54.43,1
1431,1,65,1,64.8,2,3,69.5,2,1,56,2,56.94,0
1432,1,66,1,64,1,1,60,2,0,60,1,61.9,2
1433,1,85,1,60,2,1,73.43,1,1,60,2,61.29,1
1434,1,77.67,2,64.89,2,3,70.67,2,0,89,2,60.39,2
1435,1,52,2,50,2,2,61,2,0,60,2,58.52,3
1436,1,89.4,2,65.66,2,1,71.25,1,0,72,1,63.23,1
1437,1,62,1,63,2,1,66,2,0,85,1,55.14,0
1438,1,70,1,74,1,3,65,2,0,83,2,62.28,0
1439,0,77,1,86,1,2,56,2,0,57,2,64.08,3
1440,1,44,1,58,1,2,55,2,1,64.25,1,58.54,2
1441,1,71,1,58.66,1,1,58,1,1,56,2,61.3,3
1442,1,65,1,65,1,3,75,2,0,83,2,58.87,1
1443,0,75.4,2,60.5,1,1,84,1,0,98,2,65.25,0
1444,1,49,2,59,2,1,65,1,1,86,2,62.48,2
1445,1,53,1,63,2,1,60,2,1,70,2,53.2,1
1446,1,51.57,2,74.66,2,3,59.9,2,1,56.15,1,65.99,0
1447,1,84.2,1,69.4,1,1,65,1,1,80,1,52.72,3
1448,1,66.5,1,62.5,1,3,60.9,2,0,93.4,2,55.03,0
1449,1,67,2,63,2,1,64,1,0,60,2,61.87,2
1450,1,52,1,49,2,3,58,2,0,62,1,60.59,0
1451,1,87,1,74,1,1,65,1,1,75,1,72.29,3
1452,1,55.6,2,51,2,3,57.5,2,0,57.63,1,62.72,0
1453,1,74.2,1,87.6,2,3,77.25,2,1,75.2,2,66.06,1
1454,1,63,2,67,2,1,64,1,0,75,2,66.46,3
1455,0,67.16,1,72.5,1,3,63.35,2,0,53.04,2,65.52,2
1456,0,63.3,1,78.33,2,3,74,2,0,80,2,74.56,0
1457,1,62,2,62,2,3,60,2,1,63,1,52.38,2
1458,1,67.9,2,62,2,1,67,1,1,58.1,2,75.71,0
1459,0,48,1,51,1,3,58,2,1,60,1,58.79,3
1460,1,59.96,2,42.16,2,1,61.26,1,0,54.48,1,65.48,0
1461,0,63.4,2,67.2,2,3,60,2,0,58.06,1,69.28,2
1462,1,80,2,80,2,3,72,2,1,63.79,2,66.04,1
1463,1,73,2,58,2,3,56,2,0,84,1,52.64,1
1464,0,52,2,52,2,1,55,1,0,67,1,59.32,3
1465,1,73.24,2,50.83,2,1,64.27,1,1,64,2,66.23,2
1466,1,63,2,62,2,1,65,1,0,87.5,1,60.69,0
1467,0,59,1,60,2,3,56,2,0,55,1,57.9,2
1468,0,73,1,97,2,3,79,2,1,89,2,70.81,3
1469,1,68,2,56,2,1,68,1,0,73,1,68.07,3
1470,0,77.8,1,64,1,1,64.2,1,0,75.5,1,72.14,2
1471,1,65,1,71.5,2,3,62.8,2,1,57,2,56.6,1
1472,1,62,1,60.33,2,1,64.21,1,0,63,1,60.02,0
1473,1,52,2,65,2,2,57,2,1,75,2,59.81,2
1474,1,65,1,77,1,3,69,2,0,60,1,61.82,3
1475,0,56.28,2,62.83,2,3,59.79,2,0,60,1,57.29,0
1476,0,88,1,72,1,1,78,2,0,82,1,71.43,1
1477,0,52,1,64,1,3,61,2,0,55,2,62.93,0
1478,1,78.5,1,65.5,1,1,67,1,1,95,2,64.86,1
1479,1,61.8,2,47,2,3,54.38,2,0,57,2,56.13,3
1480,0,54,1,77.6,2,3,69.2,2,0,95.65,2,66.94,0
1481,0,64,2,70.2,1,3,61,2,0,50,2,62.5,0
1482,1,67,2,61,1,1,72,2,0,72,2,61.01,1
1483,1,65.2,1,61.4,1,3,64.8,2,1,93.4,2,57.34,1
1484,0,60,1,63,1,2,56,2,1,80,1,56.63,1
1485,1,52,2,55,2,3,56.3,2,0,59,2,64.74,2
1486,1,66,1,76,1,3,72,2,1,84,1,58.95,1
1487,1,72,2,63,2,1,77.5,1,1,78,2,54.48,1
1488,0,83.96,2,53,2,1,91,1,0,59.32,1,69.71,3
1489,0,67,1,70,1,3,65,2,0,88,1,71.96,0
1490,1,69,2,65,2,3,57,2,0,73,1,55.8,1
1491,1,69,2,60,2,3,65,2,0,87.55,2,52.81,1
1492,1,54.2,1,63,2,1,58,2,0,79,1,58.44,0
1493,1,70,1,63,1,1,66,1,0,61.28,1,60.11,2
1494,1,55.68,2,61.33,2,3,56.87,2,0,66,1,58.3,2
1495,0,74,2,73,2,3,73,2,1,80,2,67.69,3
1496,1,61,2,62,2,3,65,2,0,62,2,56.81,1
1497,1,41,1,42,1,1,60,2,0,97,2,53.39,3
1498,1,83.33,1,78,2,3,61,2,1,88.56,2,71.55,1
1499,0,43,1,60,2,1,65,2,0,92.66,1,62.92,0
1500,1,62,1,72,1,3,65,2,0,67,2,56.49,2
1501,1,80.6,2,82,2,3,77.6,2,0,91,2,74.49,1
1502,1,58,2,60,2,1,72,1,0,74,2,53.62,1
1503,1,67,2,67,2,3,73,2,1,59,2,69.72,3
1504,0,74,2,66,2,3,58,2,0,70,1,60.23,1
1505,1,62,1,58,2,1,53,2,0,89,1,60.22,2
1506,1,67,2,91,2,3,58,1,0,55,1,58.8,2
1507,1,79.33,1,78.33,2,1,77.48,1,1,86.5,2,66.28,2
1508,1,65,1,68,1,2,64,2,0,75,2,57.8,1
1509,1,56,1,52,1,1,52,1,0,66,1,59.43,3
1510,1,85.8,1,73.6,1,3,73.3,2,0,96.8,2,55.5,0
1511,1,55,2,49.8,2,1,67.25,1,1,55,2,51.58,2
1512,0,46,2,49.2,2,3,79,2,0,74.28,2,53.29,2
1513,1,82,1,64,1,1,66,1,1,67,2,62.14,3
1514,1,73,1,79,1,3,72,2,0,91.34,2,61.29,3
1515,1,58,1,70,1,3,61,2,0,54,2,52.21,3
1516,1,58,1,61,1,3,60,2,1,62,1,60.85,1
1517,1,69.6,1,68.4,1,3,78.3,2,1,60,2,63.7,2
1518,0,47,1,55,2,1,65,2,0,62,1,65.04,0
1519,0,77,1,87,1,3,59,2,0,68,2,68.63,1
1520,1,62,1,47,1,3,50,2,0,76,1,54.96,0
1521,0,65,1,75,1,3,69,2,1,72,2,64.66,2
1522,1,63,1,66.2,1,3,65.6,2,1,60,2,62.54,3
1523,0,55,1,67,1,3,64,2,0,60,2,67.28,0
1524,0,63,1,66,1,3,64,2,0,68,1,64.08,2
1525,1,60,2,67,2,2,70,2,1,50.48,2,77.89,0
1526,1,62,2,65,2,3,66,2,0,50,1,56.7,0
1527,0,79,2,76,2,3,85,2,0,95,2,69.06,3
1528,0,69.8,2,60.8,2,1,72.23,1,0,55.53,1,68.81,2
1529,0,77.4,2,60,2,1,64.74,1,1,92,2,63.62,0
1530,1,76.5,2,97.7,2,1,78.86,1,0,97.4,2,74.01,2
1531,0,52.58,2,54.6,1,3,50.2,2,1,76,2,65.33,0
1532,1,71,2,79,2,3,66,2,1,94,2,57.55,3
1533,1,63,2,67,2,3,66,2,0,68,1,57.69,0
1534,1,76.76,2,76.5,2,3,67.5,2,1,73.35,2,64.15,3
1535,1,62,1,67,1,3,58,2,0,77,2,51.29,0
1536,0,64,1,73.5,1,3,73,2,0,52,1,56.7,2
1537,0,67,1,53,1,1,65,1,0,64,1,58.32,3
1538,0,61,1,81,1,3,66.4,2,0,50.89,1,62.21,2
1539,0,87,2,65,2,1,81,2,1,88,2,72.78,0
1540,1,62,2,51,2,1,52,2,0,68.44,1,62.77,3
1541,0,69,1,78,1,3,72,2,0,71,1,62.74,1
1542,1,51,1,44,1,3,57,2,0,64,2,51.45,2
1543,0,79,1,76,1,1,65.6,1,0,58,1,55.47,1
1544,0,73,2,58,2,1,66,2,0,53.7,1,56.86,3
1545,1,81,2,68,2,1,64,1,0,93,2,62.56,0
1546,0,78,1,77,2,3,80,2,0,60,2,66.72,2
1547,0,74,2,63.16,2,3,65,2,1,65,1,69.76,0
1548,1,49,2,39,1,1,65,2,0,63,2,51.21,3
1549,1,87,2,87,2,3,68,2,0,95,1,62.9,1
1550,0,77,2,73,2,3,81,2,1,89,2,69.7,2
1551,0,76,1,64,1,1,72,1,0,58,1,66.53,3
1552,0,70.89,2,71.98,2,1,65.6,2,0,68,1,71.63,0
1553,1,63,1,60,1,3,57,2,1,78,2,54.55,1
1554,1,63,2,62,2,3,68,2,0,64,2,62.46,2
1555,0,50,2,37,2,2,52,2,0,65,1,56.11,0
1556,0,75.2,1,73.2,1,1,68.4,2,0,65,1,62.98,3
1557,1,54.4,1,61.12,1,3,56.2,2,0,67,1,62.65,0
1558,0,40.89,2,45.83,2,3,53,2,0,71.2,1,65.49,2
1559,1,80,2,70,2,1,72,1,0,87,1,71.04,3
1560,0,74,1,60,2,1,69,2,0,78,1,65.56,1
1561,1,60.4,1,66.6,2,1,65,2,0,71,1,52.71,0
1562,1,63,2,71.4,2,3,61.4,2,0,68,2,66.88,2
1563,1,68,1,76,1,3,74,2,0,80,2,63.59,0
1564,1,74,1,62,2,1,68,2,0,74,2,57.99,2
1565,1,52.6,1,65.58,2,1,72.11,1,0,57.6,2,56.66,0
1566,1,74,1,70,1,1,72,2,1,60,2,57.24,2
1567,1,84.2,1,73.4,1,3,66.89,2,0,61.6,2,62.48,0
1568,0,86.5,2,64.2,2,1,67.4,1,0,59,2,59.69,3
1569,1,61,2,70,2,3,64,2,0,68.5,1,59.5,3
1570,1,80,2,73,2,3,75,2,0,61,2,58.78,1
1571,1,54,2,47,2,1,57,2,0,89.69,1,57.1,2
1572,1,83,2,74,2,1,66,2,0,68.92,1,58.46,3
1573,1,80.92,2,78.5,2,3,67,2,0,68.71,2,60.99,2
1574,0,69.7,1,47,1,3,72.7,1,0,79,1,59.24,0
1575,1,73,1,73,1,1,66,1,1,70,2,68.07,0
1576,1,82,2,61,2,1,62,1,0,89,2,65.45,3
1577,1,75,2,70.29,2,3,71,2,0,95,2,66.94,1
1578,1,84.86,2,67,2,1,78,2,0,95.5,2,68.53,2
1579,1,64.6,1,83.83,2,3,71.72,2,0,86,2,59.75,1
1580,1,56.6,1,64.8,1,3,70.2,2,0,84.27,2,67.2,2
1581,0,59,1,62,2,3,77.5,2,0,74,1,67,3
1582,0,66.5,2,70.4,1,2,71.93,2,0,61,2,64.27,1
1583,1,64,2,80,2,1,65,1,1,69,2,57.65,2
1584,1,84,2,90.9,2,1,64.5,1,0,86.04,2,59.42,3
1585,0,69,1,62,1,1,66,1,0,75,1,67.99,0
1586,0,69,2,62,2,3,69,2,1,67,1,62.35,2
1587,1,81.7,2,63,2,1,67,2,1,86,2,70.2,3
1588,1,63,1,67,1,3,74,2,0,82,2,60.44,0
1589,1,84,2,79,2,1,68,1,1,84,2,66.69,1
1590,1,70,1,63,2,1,70,1,1,55,2,62,2
1591,0,83.84,2,89.83,2,3,77.2,2,1,78.74,2,76.18,3
1592,1,62,2,63,2,3,64,2,0,67,2,57.03,0
1593,1,59.6,1,51,1,1,60,2,0,75,1,59.08,0
1594,0,66,1,62,1,3,73,2,0,58,1,64.36,2
1595,0,84,2,75,2,1,69,1,1,62,1,62.36,0
1596,0,85,2,90,2,3,82,2,0,92,2,68.03,3
1597,1,52,1,57,1,3,50.8,2,0,67,1,62.79,2
1598,0,60.23,1,69,1,1,66,2,0,72,2,59.47,1
1599,1,52,1,62,1,3,54,2,0,72,1,55.41,3
1600,1,58,1,62,1,3,64,2,0,53.88,2,54.97,1
1601,1,73,1,78,2,3,65,2,1,95.46,2,62.16,1
1602,0,76,1,70,1,1,76,2,1,66,2,64.44,1
1603,0,70.5,1,62.5,2,3,61,2,0,93.91,2,69.03,0
1604,0,69,1,73,1,3,65,2,0,70,2,57.31,1
1605,1,54,1,82,2,3,63,1,0,50,2,59.47,2
1606,0,45,2,57,2,3,58,2,1,56.39,1,64.95,3
1607,1,63,1,72,1,3,68,2,0,78,1,60.44,2
1608,0,77,2,61,2,3,68,2,1,57.5,2,61.31,1
1609,1,73,1,78,1,1,73,1,1,85,1,65.83,0
1610,1,69,1,63,2,1,65,2,1,55,1,58.23,0
1611,1,59,1,64,2,1,58,1,0,85,1,55.3,3
1612,1,61.08,2,50,2,1,54,1,0,71,2,65.69,3
1613,1,82,2,90,2,3,83,2,0,80,1,73.52,3
1614,1,61,1,82,1,3,69,2,0,84,2,58.31,2
1615,1,52,1,63,2,1,65,1,1,86,1,56.09,0
1616,0,69.5,1,70,1,1,72,1,0,57.2,1,54.8,2
1617,1,51,2,54,2,1,61,1,0,60,1,60.64,0
1618,1,58,2,61,2,3,61,2,0,58,1,53.94,1
1619,0,73.96,2,79,2,3,67,2,0,72.15,2,63.08,2
1620,1,65,1,68,2,1,69,2,0,53.7,1,55.01,0
1621,0,73,2,63,2,1,66,2,0,89,2,60.5,1
1622,1,68.2,1,72.8,1,3,66.6,2,1,96,2,70.85,2
1623,1,77,2,75,2,1,73,1,0,80,2,67.05,2
1624,1,76,1,80,1,1,78,1,1,97,1,70.48,0
1625,1,60.8,1,68.4,1,3,64.6,2,1,82.66,2,64.34,3
1626,1,58,2,40,2,1,59,2,0,73,1,58.81,0
1627,0,64,1,67,2,1,69.6,1,1,55.67,1,71.49,1
1628,0,66.5,1,66.8,1,2,69.3,2,1,80.4,2,71,0
1629,1,74,2,59,2,3,73,2,1,60,1,56.7,3
1630,1,67,1,71,1,1,64.33,2,1,64,1,61.26,3
1631,0,84,1,73,1,3,73,2,0,75,2,73.33,3
1632,0,79,2,61,2,1,75.5,1,1,70,2,68.2,0
1633,0,72,2,60,2,1,69,2,0,55.5,1,58.4,1
1634,1,80.4,1,73.4,1,1,77.72,1,1,81.2,1,76.26,2
1635,1,76.7,1,89.7,2,3,66,2,1,90,2,68.55,1
1636,1,62,1,65,2,3,60,2,0,84,2,64.15,3
1637,0,74.9,2,57,2,1,62,2,1,80,2,60.78,0
1638,1,67,2,68,2,3,64,2,1,74.4,1,53.49,1
1639,1,73,1,64,2,3,77,2,1,65,1,60.98,2
1640,0,77.44,1,92,2,3,72,2,1,94,2,67.13,0
1641,0,72,1,56,2,1,69,2,0,55.6,1,65.63,3
1642,0,47,1,59,1,2,64,2,0,78,2,61.58,0
1643,1,67,2,63,1,3,72,2,0,56,1,60.41,2
1644,0,82,2,64,2,1,73,1,1,96,2,71.77,3
1645,1,77,1,70,1,3,59,2,1,58,2,54.43,1
1646,1,65,1,64.8,2,3,69.5,2,1,56,2,56.94,0
1647,1,66,1,64,1,1,60,2,0,60,1,61.9,2
1648,1,85,1,60,2,1,73.43,1,1,60,2,61.29,1
1649,1,77.67,2,64.89,2,3,70.67,2,0,89,2,60.39,2
1650,1,52,2,50,2,2,61,2,0,60,2,58.52,3
1651,1,89.4,2,65.66,2,1,71.25,1,0,72,1,63.23,1
1652,1,62,1,63,2,1,66,2,0,85,1,55.14,0
1653,1,70,1,74,1,3,65,2,0,83,2,62.28,0
1654,0,77,1,86,1,2,56,2,0,57,2,64.08,3
1655,1,44,1,58,1,2,55,2,1,64.25,1,58.54,2
1656,1,71,1,58.66,1,1,58,1,1,56,2,61.3,3
1657,1,65,1,65,1,3,75,2,0,83,2,58.87,1
1658,0,75.4,2,60.5,1,1,84,1,0,98,2,65.25,0
1659,1,49,2,59,2,1,65,1,1,86,2,62.48,2
1660,1,53,1,63,2,1,60,2,1,70,2,53.2,1
1661,1,51.57,2,74.66,2,3,59.9,2,1,56.15,1,65.99,0
1662,1,84.2,1,69.4,1,1,65,1,1,80,1,52.72,3
1663,1,66.5,1,62.5,1,3,60.9,2,0,93.4,2,55.03,0
1664,1,67,2,63,2,1,64,1,0,60,2,61.87,2
1665,1,52,1,49,2,3,58,2,0,62,1,60.59,0
1666,1,87,1,74,1,1,65,1,1,75,1,72.29,3
1667,1,55.6,2,51,2,3,57.5,2,0,57.63,1,62.72,0
1668,1,74.2,1,87.6,2,3,77.25,2,1,75.2,2,66.06,1
1669,1,63,2,67,2,1,64,1,0,75,2,66.46,3
1670,0,67.16,1,72.5,1,3,63.35,2,0,53.04,2,65.52,2
1671,0,63.3,1,78.33,2,3,74,2,0,80,2,74.56,0
1672,1,62,2,62,2,3,60,2,1,63,1,52.38,2
1673,1,67.9,2,62,2,1,67,1,1,58.1,2,75.71,0
1674,0,48,1,51,1,3,58,2,1,60,1,58.79,3
1675,1,59.96,2,42.16,2,1,61.26,1,0,54.48,1,65.48,0
1676,0,63.4,2,67.2,2,3,60,2,0,58.06,1,69.28,2
1677,1,80,2,80,2,3,72,2,1,63.79,2,66.04,1
1678,1,73,2,58,2,3,56,2,0,84,1,52.64,1
1679,0,52,2,52,2,1,55,1,0,67,1,59.32,3
1680,1,73.24,2,50.83,2,1,64.27,1,1,64,2,66.23,2
1681,1,63,2,62,2,1,65,1,0,87.5,1,60.69,0
1682,0,59,1,60,2,3,56,2,0,55,1,57.9,2
1683,0,73,1,97,2,3,79,2,1,89,2,70.81,3
1684,1,68,2,56,2,1,68,1,0,73,1,68.07,3
1685,0,77.8,1,64,1,1,64.2,1,0,75.5,1,72.14,2
1686,1,65,1,71.5,2,3,62.8,2,1,57,2,56.6,1
1687,1,62,1,60.33,2,1,64.21,1,0,63,1,60.02,0
1688,1,52,2,65,2,2,57,2,1,75,2,59.81,2
1689,1,65,1,77,1,3,69,2,0,60,1,61.82,3
1690,0,56.28,2,62.83,2,3,59.79,2,0,60,1,57.29,0
1691,0,88,1,72,1,1,78,2,0,82,1,71.43,1
1692,0,52,1,64,1,3,61,2,0,55,2,62.93,0
1693,1,78.5,1,65.5,1,1,67,1,1,95,2,64.86,1
1694,1,61.8,2,47,2,3,54.38,2,0,57,2,56.13,3
1695,0,54,1,77.6,2,3,69.2,2,0,95.65,2,66.94,0
1696,0,64,2,70.2,1,3,61,2,0,50,2,62.5,0
1697,1,67,2,61,1,1,72,2,0,72,2,61.01,1
1698,1,65.2,1,61.4,1,3,64.8,2,1,93.4,2,57.34,1
1699,0,60,1,63,1,2,56,2,1,80,1,56.63,1
1700,1,52,2,55,2,3,56.3,2,0,59,2,64.74,2
1701,1,66,1,76,1,3,72,2,1,84,1,58.95,1
1702,1,72,2,63,2,1,77.5,1,1,78,2,54.48,1
1703,0,83.96,2,53,2,1,91,1,0,59.32,1,69.71,3
1704,0,67,1,70,1,3,65,2,0,88,1,71.96,0
1705,1,69,2,65,2,3,57,2,0,73,1,55.8,1
1706,1,69,2,60,2,3,65,2,0,87.55,2,52.81,1
1707,1,54.2,1,63,2,1,58,2,0,79,1,58.44,0
1708,1,70,1,63,1,1,66,1,0,61.28,1,60.11,2
1709,1,55.68,2,61.33,2,3,56.87,2,0,66,1,58.3,2
1710,0,74,2,73,2,3,73,2,1,80,2,67.69,3
1711,1,61,2,62,2,3,65,2,0,62,2,56.81,1
1712,1,41,1,42,1,1,60,2,0,97,2,53.39,3
1713,1,83.33,1,78,2,3,61,2,1,88.56,2,71.55,1
1714,0,43,1,60,2,1,65,2,0,92.66,1,62.92,0
1715,1,62,1,72,1,3,65,2,0,67,2,56.49,2
1716,1,80.6,2,82,2,3,77.6,2,0,91,2,74.49,1
1717,1,58,2,60,2,1,72,1,0,74,2,53.62,1
1718,1,67,2,67,2,3,73,2,1,59,2,69.72,3
1719,0,74,2,66,2,3,58,2,0,70,1,60.23,1
1720,1,62,1,58,2,1,53,2,0,89,1,60.22,2
1721,1,67,2,91,2,3,58,1,0,55,1,58.8,2
1722,1,79.33,1,78.33,2,1,77.48,1,1,86.5,2,66.28,2
1723,1,65,1,68,1,2,64,2,0,75,2,57.8,1
1724,1,56,1,52,1,1,52,1,0,66,1,59.43,3
1725,1,85.8,1,73.6,1,3,73.3,2,0,96.8,2,55.5,0
1726,1,55,2,49.8,2,1,67.25,1,1,55,2,51.58,2
1727,0,46,2,49.2,2,3,79,2,0,74.28,2,53.29,2
1728,1,82,1,64,1,1,66,1,1,67,2,62.14,3
1729,1,73,1,79,1,3,72,2,0,91.34,2,61.29,3
1730,1,58,1,70,1,3,61,2,0,54,2,52.21,3
1731,1,58,1,61,1,3,60,2,1,62,1,60.85,1
1732,1,69.6,1,68.4,1,3,78.3,2,1,60,2,63.7,2
1733,0,47,1,55,2,1,65,2,0,62,1,65.04,0
1734,0,77,1,87,1,3,59,2,0,68,2,68.63,1
1735,1,62,1,47,1,3,50,2,0,76,1,54.96,0
1736,0,65,1,75,1,3,69,2,1,72,2,64.66,2
1737,1,63,1,66.2,1,3,65.6,2,1,60,2,62.54,3
1738,0,55,1,67,1,3,64,2,0,60,2,67.28,0
1739,0,63,1,66,1,3,64,2,0,68,1,64.08,2
1740,1,60,2,67,2,2,70,2,1,50.48,2,77.89,0
1741,1,62,2,65,2,3,66,2,0,50,1,56.7,0
1742,0,79,2,76,2,3,85,2,0,95,2,69.06,3
1743,0,69.8,2,60.8,2,1,72.23,1,0,55.53,1,68.81,2
1744,0,77.4,2,60,2,1,64.74,1,1,92,2,63.62,0
1745,1,76.5,2,97.7,2,1,78.86,1,0,97.4,2,74.01,2
1746,0,52.58,2,54.6,1,3,50.2,2,1,76,2,65.33,0
1747,1,71,2,79,2,3,66,2,1,94,2,57.55,3
1748,1,63,2,67,2,3,66,2,0,68,1,57.69,0
1749,1,76.76,2,76.5,2,3,67.5,2,1,73.35,2,64.15,3
1750,1,62,1,67,1,3,58,2,0,77,2,51.29,0
1751,0,64,1,73.5,1,3,73,2,0,52,1,56.7,2
1752,0,67,1,53,1,1,65,1,0,64,1,58.32,3
1753,0,61,1,81,1,3,66.4,2,0,50.89,1,62.21,2
1754,0,87,2,65,2,1,81,2,1,88,2,72.78,0
1755,1,62,2,51,2,1,52,2,0,68.44,1,62.77,3
1756,0,69,1,78,1,3,72,2,0,71,1,62.74,1
1757,1,51,1,44,1,3,57,2,0,64,2,51.45,2
1758,0,79,1,76,1,1,65.6,1,0,58,1,55.47,1
1759,0,73,2,58,2,1,66,2,0,53.7,1,56.86,3
1760,1,81,2,68,2,1,64,1,0,93,2,62.56,0
1761,0,78,1,77,2,3,80,2,0,60,2,66.72,2
1762,0,74,2,63.16,2,3,65,2,1,65,1,69.76,0
1763,1,49,2,39,1,1,65,2,0,63,2,51.21,3
1764,1,87,2,87,2,3,68,2,0,95,1,62.9,1
1765,0,77,2,73,2,3,81,2,1,89,2,69.7,2
1766,0,76,1,64,1,1,72,1,0,58,1,66.53,3
1767,0,70.89,2,71.98,2,1,65.6,2,0,68,1,71.63,0
1768,1,63,1,60,1,3,57,2,1,78,2,54.55,1
1769,1,63,2,62,2,3,68,2,0,64,2,62.46,2
1770,0,50,2,37,2,2,52,2,0,65,1,56.11,0
1771,0,75.2,1,73.2,1,1,68.4,2,0,65,1,62.98,3
1772,1,54.4,1,61.12,1,3,56.2,2,0,67,1,62.65,0
1773,0,40.89,2,45.83,2,3,53,2,0,71.2,1,65.49,2
1774,1,80,2,70,2,1,72,1,0,87,1,71.04,3
1775,0,74,1,60,2,1,69,2,0,78,1,65.56,1
1776,1,60.4,1,66.6,2,1,65,2,0,71,1,52.71,0
1777,1,63,2,71.4,2,3,61.4,2,0,68,2,66.88,2
1778,1,68,1,76,1,3,74,2,0,80,2,63.59,0
1779,1,74,1,62,2,1,68,2,0,74,2,57.99,2
1780,1,52.6,1,65.58,2,1,72.11,1,0,57.6,2,56.66,0
1781,1,74,1,70,1,1,72,2,1,60,2,57.24,2
1782,1,84.2,1,73.4,1,3,66.89,2,0,61.6,2,62.48,0
1783,0,86.5,2,64.2,2,1,67.4,1,0,59,2,59.69,3
1784,1,61,2,70,2,3,64,2,0,68.5,1,59.5,3
1785,1,80,2,73,2,3,75,2,0,61,2,58.78,1
1786,1,54,2,47,2,1,57,2,0,89.69,1,57.1,2
1787,1,83,2,74,2,1,66,2,0,68.92,1,58.46,3
1788,1,80.92,2,78.5,2,3,67,2,0,68.71,2,60.99,2
1789,0,69.7,1,47,1,3,72.7,1,0,79,1,59.24,0
1790,1,73,1,73,1,1,66,1,1,70,2,68.07,0
1791,1,82,2,61,2,1,62,1,0,89,2,65.45,3
1792,1,75,2,70.29,2,3,71,2,0,95,2,66.94,1
1793,1,84.86,2,67,2,1,78,2,0,95.5,2,68.53,2
1794,1,64.6,1,83.83,2,3,71.72,2,0,86,2,59.75,1
1795,1,56.6,1,64.8,1,3,70.2,2,0,84.27,2,67.2,2
1796,0,59,1,62,2,3,77.5,2,0,74,1,67,3
1797,0,66.5,2,70.4,1,2,71.93,2,0,61,2,64.27,1
1798,1,64,2,80,2,1,65,1,1,69,2,57.65,2
1799,1,84,2,90.9,2,1,64.5,1,0,86.04,2,59.42,3
1800,0,69,1,62,1,1,66,1,0,75,1,67.99,0
1801,0,69,2,62,2,3,69,2,1,67,1,62.35,2
1802,1,81.7,2,63,2,1,67,2,1,86,2,70.2,3
1803,1,63,1,67,1,3,74,2,0,82,2,60.44,0
1804,1,84,2,79,2,1,68,1,1,84,2,66.69,1
1805,1,70,1,63,2,1,70,1,1,55,2,62,2
1806,0,83.84,2,89.83,2,3,77.2,2,1,78.74,2,76.18,3
1807,1,62,2,63,2,3,64,2,0,67,2,57.03,0
1808,1,59.6,1,51,1,1,60,2,0,75,1,59.08,0
1809,0,66,1,62,1,3,73,2,0,58,1,64.36,2
1810,0,84,2,75,2,1,69,1,1,62,1,62.36,0
1811,0,85,2,90,2,3,82,2,0,92,2,68.03,3
1812,1,52,1,57,1,3,50.8,2,0,67,1,62.79,2
1813,0,60.23,1,69,1,1,66,2,0,72,2,59.47,1
1814,1,52,1,62,1,3,54,2,0,72,1,55.41,3
1815,1,58,1,62,1,3,64,2,0,53.88,2,54.97,1
1816,1,73,1,78,2,3,65,2,1,95.46,2,62.16,1
1817,0,76,1,70,1,1,76,2,1,66,2,64.44,1
1818,0,70.5,1,62.5,2,3,61,2,0,93.91,2,69.03,0
1819,0,69,1,73,1,3,65,2,0,70,2,57.31,1
1820,1,54,1,82,2,3,63,1,0,50,2,59.47,2
1821,0,45,2,57,2,3,58,2,1,56.39,1,64.95,3
1822,1,63,1,72,1,3,68,2,0,78,1,60.44,2
1823,0,77,2,61,2,3,68,2,1,57.5,2,61.31,1
1824,1,73,1,78,1,1,73,1,1,85,1,65.83,0
1825,1,69,1,63,2,1,65,2,1,55,1,58.23,0
1826,1,59,1,64,2,1,58,1,0,85,1,55.3,3
1827,1,61.08,2,50,2,1,54,1,0,71,2,65.69,3
1828,1,82,2,90,2,3,83,2,0,80,1,73.52,3
1829,1,61,1,82,1,3,69,2,0,84,2,58.31,2
1830,1,52,1,63,2,1,65,1,1,86,1,56.09,0
1831,0,69.5,1,70,1,1,72,1,0,57.2,1,54.8,2
1832,1,51,2,54,2,1,61,1,0,60,1,60.64,0
1833,1,58,2,61,2,3,61,2,0,58,1,53.94,1
1834,0,73.96,2,79,2,3,67,2,0,72.15,2,63.08,2
1835,1,65,1,68,2,1,69,2,0,53.7,1,55.01,0
1836,0,73,2,63,2,1,66,2,0,89,2,60.5,1
1837,1,68.2,1,72.8,1,3,66.6,2,1,96,2,70.85,2
1838,1,77,2,75,2,1,73,1,0,80,2,67.05,2
1839,1,76,1,80,1,1,78,1,1,97,1,70.48,0
1840,1,60.8,1,68.4,1,3,64.6,2,1,82.66,2,64.34,3
1841,1,58,2,40,2,1,59,2,0,73,1,58.81,0
1842,0,64,1,67,2,1,69.6,1,1,55.67,1,71.49,1
1843,0,66.5,1,66.8,1,2,69.3,2,1,80.4,2,71,0
1844,1,74,2,59,2,3,73,2,1,60,1,56.7,3
1845,1,67,1,71,1,1,64.33,2,1,64,1,61.26,3
1846,0,84,1,73,1,3,73,2,0,75,2,73.33,3
1847,0,79,2,61,2,1,75.5,1,1,70,2,68.2,0
1848,0,72,2,60,2,1,69,2,0,55.5,1,58.4,1
1849,1,80.4,1,73.4,1,1,77.72,1,1,81.2,1,76.26,2
1850,1,76.7,1,89.7,2,3,66,2,1,90,2,68.55,1
1851,1,62,1,65,2,3,60,2,0,84,2,64.15,3
1852,0,74.9,2,57,2,1,62,2,1,80,2,60.78,0
1853,1,67,2,68,2,3,64,2,1,74.4,1,53.49,1
1854,1,73,1,64,2,3,77,2,1,65,1,60.98,2
1855,0,77.44,1,92,2,3,72,2,1,94,2,67.13,0
1856,0,72,1,56,2,1,69,2,0,55.6,1,65.63,3
1857,0,47,1,59,1,2,64,2,0,78,2,61.58,0
1858,1,67,2,63,1,3,72,2,0,56,1,60.41,2
1859,0,82,2,64,2,1,73,1,1,96,2,71.77,3
1860,1,77,1,70,1,3,59,2,1,58,2,54.43,1
1861,1,65,1,64.8,2,3,69.5,2,1,56,2,56.94,0
1862,1,66,1,64,1,1,60,2,0,60,1,61.9,2
1863,1,85,1,60,2,1,73.43,1,1,60,2,61.29,1
1864,1,77.67,2,64.89,2,3,70.67,2,0,89,2,60.39,2
1865,1,52,2,50,2,2,61,2,0,60,2,58.52,3
1866,1,89.4,2,65.66,2,1,71.25,1,0,72,1,63.23,1
1867,1,62,1,63,2,1,66,2,0,85,1,55.14,0
1868,1,70,1,74,1,3,65,2,0,83,2,62.28,0
1869,0,77,1,86,1,2,56,2,0,57,2,64.08,3
1870,1,44,1,58,1,2,55,2,1,64.25,1,58.54,2
1871,1,71,1,58.66,1,1,58,1,1,56,2,61.3,3
1872,1,65,1,65,1,3,75,2,0,83,2,58.87,1
1873,0,75.4,2,60.5,1,1,84,1,0,98,2,65.25,0
1874,1,49,2,59,2,1,65,1,1,86,2,62.48,2
1875,1,53,1,63,2,1,60,2,1,70,2,53.2,1
1876,1,51.57,2,74.66,2,3,59.9,2,1,56.15,1,65.99,0
1877,1,84.2,1,69.4,1,1,65,1,1,80,1,52.72,3
1878,1,66.5,1,62.5,1,3,60.9,2,0,93.4,2,55.03,0
1879,1,67,2,63,2,1,64,1,0,60,2,61.87,2
1880,1,52,1,49,2,3,58,2,0,62,1,60.59,0
1881,1,87,1,74,1,1,65,1,1,75,1,72.29,3
1882,1,55.6,2,51,2,3,57.5,2,0,57.63,1,62.72,0
1883,1,74.2,1,87.6,2,3,77.25,2,1,75.2,2,66.06,1
1884,1,63,2,67,2,1,64,1,0,75,2,66.46,3
1885,0,67.16,1,72.5,1,3,63.35,2,0,53.04,2,65.52,2
1886,0,63.3,1,78.33,2,3,74,2,0,80,2,74.56,0
1887,1,62,2,62,2,3,60,2,1,63,1,52.38,2
1888,1,67.9,2,62,2,1,67,1,1,58.1,2,75.71,0
1889,0,48,1,51,1,3,58,2,1,60,1,58.79,3
1890,1,59.96,2,42.16,2,1,61.26,1,0,54.48,1,65.48,0
1891,0,63.4,2,67.2,2,3,60,2,0,58.06,1,69.28,2
1892,1,80,2,80,2,3,72,2,1,63.79,2,66.04,1
1893,1,73,2,58,2,3,56,2,0,84,1,52.64,1
1894,0,52,2,52,2,1,55,1,0,67,1,59.32,3
1895,1,73.24,2,50.83,2,1,64.27,1,1,64,2,66.23,2
1896,1,63,2,62,2,1,65,1,0,87.5,1,60.69,0
1897,0,59,1,60,2,3,56,2,0,55,1,57.9,2
1898,0,73,1,97,2,3,79,2,1,89,2,70.81,3
1899,1,68,2,56,2,1,68,1,0,73,1,68.07,3
1900,0,77.8,1,64,1,1,64.2,1,0,75.5,1,72.14,2
1901,1,65,1,71.5,2,3,62.8,2,1,57,2,56.6,1
1902,1,62,1,60.33,2,1,64.21,1,0,63,1,60.02,0
1903,1,52,2,65,2,2,57,2,1,75,2,59.81,2
1904,1,65,1,77,1,3,69,2,0,60,1,61.82,3
1905,0,56.28,2,62.83,2,3,59.79,2,0,60,1,57.29,0
1906,0,88,1,72,1,1,78,2,0,82,1,71.43,1
1907,0,52,1,64,1,3,61,2,0,55,2,62.93,0
1908,1,78.5,1,65.5,1,1,67,1,1,95,2,64.86,1
1909,1,61.8,2,47,2,3,54.38,2,0,57,2,56.13,3
1910,0,54,1,77.6,2,3,69.2,2,0,95.65,2,66.94,0
1911,0,64,2,70.2,1,3,61,2,0,50,2,62.5,0
1912,1,67,2,61,1,1,72,2,0,72,2,61.01,1
1913,1,65.2,1,61.4,1,3,64.8,2,1,93.4,2,57.34,1
1914,0,60,1,63,1,2,56,2,1,80,1,56.63,1
1915,1,52,2,55,2,3,56.3,2,0,59,2,64.74,2
1916,1,66,1,76,1,3,72,2,1,84,1,58.95,1
1917,1,72,2,63,2,1,77.5,1,1,78,2,54.48,1
1918,0,83.96,2,53,2,1,91,1,0,59.32,1,69.71,3
1919,0,67,1,70,1,3,65,2,0,88,1,71.96,0
1920,1,69,2,65,2,3,57,2,0,73,1,55.8,1
1921,1,69,2,60,2,3,65,2,0,87.55,2,52.81,1
1922,1,54.2,1,63,2,1,58,2,0,79,1,58.44,0
1923,1,70,1,63,1,1,66,1,0,61.28,1,60.11,2
1924,1,55.68,2,61.33,2,3,56.87,2,0,66,1,58.3,2
1925,0,74,2,73,2,3,73,2,1,80,2,67.69,3
1926,1,61,2,62,2,3,65,2,0,62,2,56.81,1
1927,1,41,1,42,1,1,60,2,0,97,2,53.39,3
1928,1,83.33,1,78,2,3,61,2,1,88.56,2,71.55,1
1929,0,43,1,60,2,1,65,2,0,92.66,1,62.92,0
1930,1,62,1,72,1,3,65,2,0,67,2,56.49,2
1931,1,80.6,2,82,2,3,77.6,2,0,91,2,74.49,1
1932,1,58,2,60,2,1,72,1,0,74,2,53.62,1
1933,1,67,2,67,2,3,73,2,1,59,2,69.72,3
1934,0,74,2,66,2,3,58,2,0,70,1,60.23,1
1935,1,62,1,58,2,1,53,2,0,89,1,60.22,2
1936,1,67,2,91,2,3,58,1,0,55,1,58.8,2
1937,1,79.33,1,78.33,2,1,77.48,1,1,86.5,2,66.28,2
1938,1,65,1,68,1,2,64,2,0,75,2,57.8,1
1939,1,56,1,52,1,1,52,1,0,66,1,59.43,3
1940,1,85.8,1,73.6,1,3,73.3,2,0,96.8,2,55.5,0
1941,1,55,2,49.8,2,1,67.25,1,1,55,2,51.58,2
1942,0,46,2,49.2,2,3,79,2,0,74.28,2,53.29,2
1943,1,82,1,64,1,1,66,1,1,67,2,62.14,3
1944,1,73,1,79,1,3,72,2,0,91.34,2,61.29,3
1945,1,58,1,70,1,3,61,2,0,54,2,52.21,3
1946,1,58,1,61,1,3,60,2,1,62,1,60.85,1
1947,1,69.6,1,68.4,1,3,78.3,2,1,60,2,63.7,2
1948,0,47,1,55,2,1,65,2,0,62,1,65.04,0
1949,0,77,1,87,1,3,59,2,0,68,2,68.63,1
1950,1,62,1,47,1,3,50,2,0,76,1,54.96,0
1951,0,65,1,75,1,3,69,2,1,72,2,64.66,2
1952,1,63,1,66.2,1,3,65.6,2,1,60,2,62.54,3
1953,0,55,1,67,1,3,64,2,0,60,2,67.28,0
1954,0,63,1,66,1,3,64,2,0,68,1,64.08,2
1955,1,60,2,67,2,2,70,2,1,50.48,2,77.89,0
1956,1,62,2,65,2,3,66,2,0,50,1,56.7,0
1957,0,79,2,76,2,3,85,2,0,95,2,69.06,3
1958,0,69.8,2,60.8,2,1,72.23,1,0,55.53,1,68.81,2
1959,0,77.4,2,60,2,1,64.74,1,1,92,2,63.62,0
1960,1,76.5,2,97.7,2,1,78.86,1,0,97.4,2,74.01,2
1961,0,52.58,2,54.6,1,3,50.2,2,1,76,2,65.33,0
1962,1,71,2,79,2,3,66,2,1,94,2,57.55,3
1963,1,63,2,67,2,3,66,2,0,68,1,57.69,0
1964,1,76.76,2,76.5,2,3,67.5,2,1,73.35,2,64.15,3
1965,1,62,1,67,1,3,58,2,0,77,2,51.29,0
1966,0,64,1,73.5,1,3,73,2,0,52,1,56.7,2
1967,0,67,1,53,1,1,65,1,0,64,1,58.32,3
1968,0,61,1,81,1,3,66.4,2,0,50.89,1,62.21,2
1969,0,87,2,65,2,1,81,2,1,88,2,72.78,0
1970,1,62,2,51,2,1,52,2,0,68.44,1,62.77,3
1971,0,69,1,78,1,3,72,2,0,71,1,62.74,1
1972,1,51,1,44,1,3,57,2,0,64,2,51.45,2
1973,0,79,1,76,1,1,65.6,1,0,58,1,55.47,1
1974,0,73,2,58,2,1,66,2,0,53.7,1,56.86,3
1975,1,81,2,68,2,1,64,1,0,93,2,62.56,0
1976,0,78,1,77,2,3,80,2,0,60,2,66.72,2
1977,0,74,2,63.16,2,3,65,2,1,65,1,69.76,0
1978,1,49,2,39,1,1,65,2,0,63,2,51.21,3
1979,1,87,2,87,2,3,68,2,0,95,1,62.9,1
1980,0,77,2,73,2,3,81,2,1,89,2,69.7,2
1981,0,76,1,64,1,1,72,1,0,58,1,66.53,3
1982,0,70.89,2,71.98,2,1,65.6,2,0,68,1,71.63,0
1983,1,63,1,60,1,3,57,2,1,78,2,54.55,1
1984,1,63,2,62,2,3,68,2,0,64,2,62.46,2
1985,0,50,2,37,2,2,52,2,0,65,1,56.11,0
1986,0,75.2,1,73.2,1,1,68.4,2,0,65,1,62.98,3
1987,1,54.4,1,61.12,1,3,56.2,2,0,67,1,62.65,0
1988,0,40.89,2,45.83,2,3,53,2,0,71.2,1,65.49,2
1989,1,80,2,70,2,1,72,1,0,87,1,71.04,3
1990,0,74,1,60,2,1,69,2,0,78,1,65.56,1
1991,1,60.4,1,66.6,2,1,65,2,0,71,1,52.71,0
1992,1,63,2,71.4,2,3,61.4,2,0,68,2,66.88,2
1993,1,68,1,76,1,3,74,2,0,80,2,63.59,0
1994,1,74,1,62,2,1,68,2,0,74,2,57.99,2
1995,1,52.6,1,65.58,2,1,72.11,1,0,57.6,2,56.66,0
1996,1,74,1,70,1,1,72,2,1,60,2,57.24,2
1997,1,84.2,1,73.4,1,3,66.89,2,0,61.6,2,62.48,0
1998,0,86.5,2,64.2,2,1,67.4,1,0,59,2,59.69,3
1999,1,61,2,70,2,3,64,2,0,68.5,1,59.5,3
2000,1,80,2,73,2,3,75,2,0,61,2,58.78,1
2001,1,54,2,47,2,1,57,2,0,89.69,1,57.1,2
2002,1,83,2,74,2,1,66,2,0,68.92,1,58.46,3
2003,1,80.92,2,78.5,2,3,67,2,0,68.71,2,60.99,2
2004,0,69.7,1,47,1,3,72.7,1,0,79,1,59.24,0
2005,1,73,1,73,1,1,66,1,1,70,2,68.07,0
2006,1,82,2,61,2,1,62,1,0,89,2,65.45,3
2007,1,75,2,70.29,2,3,71,2,0,95,2,66.94,1
2008,1,84.86,2,67,2,1,78,2,0,95.5,2,68.53,2
2009,1,64.6,1,83.83,2,3,71.72,2,0,86,2,59.75,1
2010,1,56.6,1,64.8,1,3,70.2,2,0,84.27,2,67.2,2
2011,0,59,1,62,2,3,77.5,2,0,74,1,67,3
2012,0,66.5,2,70.4,1,2,71.93,2,0,61,2,64.27,1
2013,1,64,2,80,2,1,65,1,1,69,2,57.65,2
2014,1,84,2,90.9,2,1,64.5,1,0,86.04,2,59.42,3
2015,0,69,1,62,1,1,66,1,0,75,1,67.99,0
2016,0,69,2,62,2,3,69,2,1,67,1,62.35,2
2017,1,81.7,2,63,2,1,67,2,1,86,2,70.2,3
2018,1,63,1,67,1,3,74,2,0,82,2,60.44,0
2019,1,84,2,79,2,1,68,1,1,84,2,66.69,1
2020,1,70,1,63,2,1,70,1,1,55,2,62,2
2021,0,83.84,2,89.83,2,3,77.2,2,1,78.74,2,76.18,3
2022,1,62,2,63,2,3,64,2,0,67,2,57.03,0
2023,1,59.6,1,51,1,1,60,2,0,75,1,59.08,0
2024,0,66,1,62,1,3,73,2,0,58,1,64.36,2
2025,0,84,2,75,2,1,69,1,1,62,1,62.36,0
2026,0,85,2,90,2,3,82,2,0,92,2,68.03,3
2027,1,52,1,57,1,3,50.8,2,0,67,1,62.79,2
2028,0,60.23,1,69,1,1,66,2,0,72,2,59.47,1
2029,1,52,1,62,1,3,54,2,0,72,1,55.41,3
2030,1,58,1,62,1,3,64,2,0,53.88,2,54.97,1
2031,1,73,1,78,2,3,65,2,1,95.46,2,62.16,1
2032,0,76,1,70,1,1,76,2,1,66,2,64.44,1
2033,0,70.5,1,62.5,2,3,61,2,0,93.91,2,69.03,0
2034,0,69,1,73,1,3,65,2,0,70,2,57.31,1
2035,1,54,1,82,2,3,63,1,0,50,2,59.47,2
2036,0,45,2,57,2,3,58,2,1,56.39,1,64.95,3
2037,1,63,1,72,1,3,68,2,0,78,1,60.44,2
2038,0,77,2,61,2,3,68,2,1,57.5,2,61.31,1
2039,1,73,1,78,1,1,73,1,1,85,1,65.83,0
2040,1,69,1,63,2,1,65,2,1,55,1,58.23,0
2041,1,59,1,64,2,1,58,1,0,85,1,55.3,3
2042,1,61.08,2,50,2,1,54,1,0,71,2,65.69,3
2043,1,82,2,90,2,3,83,2,0,80,1,73.52,3
2044,1,61,1,82,1,3,69,2,0,84,2,58.31,2
2045,1,52,1,63,2,1,65,1,1,86,1,56.09,0
2046,0,69.5,1,70,1,1,72,1,0,57.2,1,54.8,2
2047,1,51,2,54,2,1,61,1,0,60,1,60.64,0
2048,1,58,2,61,2,3,61,2,0,58,1,53.94,1
2049,0,73.96,2,79,2,3,67,2,0,72.15,2,63.08,2
2050,1,65,1,68,2,1,69,2,0,53.7,1,55.01,0
2051,0,73,2,63,2,1,66,2,0,89,2,60.5,1
2052,1,68.2,1,72.8,1,3,66.6,2,1,96,2,70.85,2
2053,1,77,2,75,2,1,73,1,0,80,2,67.05,2
2054,1,76,1,80,1,1,78,1,1,97,1,70.48,0
2055,1,60.8,1,68.4,1,3,64.6,2,1,82.66,2,64.34,3
2056,1,58,2,40,2,1,59,2,0,73,1,58.81,0
2057,0,64,1,67,2,1,69.6,1,1,55.67,1,71.49,1
2058,0,66.5,1,66.8,1,2,69.3,2,1,80.4,2,71,0
2059,1,74,2,59,2,3,73,2,1,60,1,56.7,3
2060,1,67,1,71,1,1,64.33,2,1,64,1,61.26,3
2061,0,84,1,73,1,3,73,2,0,75,2,73.33,3
2062,0,79,2,61,2,1,75.5,1,1,70,2,68.2,0
2063,0,72,2,60,2,1,69,2,0,55.5,1,58.4,1
2064,1,80.4,1,73.4,1,1,77.72,1,1,81.2,1,76.26,2
2065,1,76.7,1,89.7,2,3,66,2,1,90,2,68.55,1
2066,1,62,1,65,2,3,60,2,0,84,2,64.15,3
2067,0,74.9,2,57,2,1,62,2,1,80,2,60.78,0
2068,1,67,2,68,2,3,64,2,1,74.4,1,53.49,1
2069,1,73,1,64,2,3,77,2,1,65,1,60.98,2
2070,0,77.44,1,92,2,3,72,2,1,94,2,67.13,0
2071,0,72,1,56,2,1,69,2,0,55.6,1,65.63,3
2072,0,47,1,59,1,2,64,2,0,78,2,61.58,0
2073,1,67,2,63,1,3,72,2,0,56,1,60.41,2
2074,0,82,2,64,2,1,73,1,1,96,2,71.77,3
2075,1,77,1,70,1,3,59,2,1,58,2,54.43,1
2076,1,65,1,64.8,2,3,69.5,2,1,56,2,56.94,0
2077,1,66,1,64,1,1,60,2,0,60,1,61.9,2
2078,1,85,1,60,2,1,73.43,1,1,60,2,61.29,1
2079,1,77.67,2,64.89,2,3,70.67,2,0,89,2,60.39,2
2080,1,52,2,50,2,2,61,2,0,60,2,58.52,3
2081,1,89.4,2,65.66,2,1,71.25,1,0,72,1,63.23,1
2082,1,62,1,63,2,1,66,2,0,85,1,55.14,0
2083,1,70,1,74,1,3,65,2,0,83,2,62.28,0
2084,0,77,1,86,1,2,56,2,0,57,2,64.08,3
2085,1,44,1,58,1,2,55,2,1,64.25,1,58.54,2
2086,1,71,1,58.66,1,1,58,1,1,56,2,61.3,3
2087,1,65,1,65,1,3,75,2,0,83,2,58.87,1
2088,0,75.4,2,60.5,1,1,84,1,0,98,2,65.25,0
2089,1,49,2,59,2,1,65,1,1,86,2,62.48,2
2090,1,53,1,63,2,1,60,2,1,70,2,53.2,1
2091,1,51.57,2,74.66,2,3,59.9,2,1,56.15,1,65.99,0
2092,1,84.2,1,69.4,1,1,65,1,1,80,1,52.72,3
2093,1,66.5,1,62.5,1,3,60.9,2,0,93.4,2,55.03,0
2094,1,67,2,63,2,1,64,1,0,60,2,61.87,2
2095,1,52,1,49,2,3,58,2,0,62,1,60.59,0
2096,1,87,1,74,1,1,65,1,1,75,1,72.29,3
2097,1,55.6,2,51,2,3,57.5,2,0,57.63,1,62.72,0
2098,1,74.2,1,87.6,2,3,77.25,2,1,75.2,2,66.06,1
2099,1,63,2,67,2,1,64,1,0,75,2,66.46,3
2100,0,67.16,1,72.5,1,3,63.35,2,0,53.04,2,65.52,2
2101,0,63.3,1,78.33,2,3,74,2,0,80,2,74.56,0
2102,1,62,2,62,2,3,60,2,1,63,1,52.38,2
2103,1,67.9,2,62,2,1,67,1,1,58.1,2,75.71,0
2104,0,48,1,51,1,3,58,2,1,60,1,58.79,3
2105,1,59.96,2,42.16,2,1,61.26,1,0,54.48,1,65.48,0
2106,0,63.4,2,67.2,2,3,60,2,0,58.06,1,69.28,2
2107,1,80,2,80,2,3,72,2,1,63.79,2,66.04,1
2108,1,73,2,58,2,3,56,2,0,84,1,52.64,1
2109,0,52,2,52,2,1,55,1,0,67,1,59.32,3
2110,1,73.24,2,50.83,2,1,64.27,1,1,64,2,66.23,2
2111,1,63,2,62,2,1,65,1,0,87.5,1,60.69,0
2112,0,59,1,60,2,3,56,2,0,55,1,57.9,2
2113,0,73,1,97,2,3,79,2,1,89,2,70.81,3
2114,1,68,2,56,2,1,68,1,0,73,1,68.07,3
2115,0,77.8,1,64,1,1,64.2,1,0,75.5,1,72.14,2
2116,1,65,1,71.5,2,3,62.8,2,1,57,2,56.6,1
2117,1,62,1,60.33,2,1,64.21,1,0,63,1,60.02,0
2118,1,52,2,65,2,2,57,2,1,75,2,59.81,2
2119,1,65,1,77,1,3,69,2,0,60,1,61.82,3
2120,0,56.28,2,62.83,2,3,59.79,2,0,60,1,57.29,0
2121,0,88,1,72,1,1,78,2,0,82,1,71.43,1
2122,0,52,1,64,1,3,61,2,0,55,2,62.93,0
2123,1,78.5,1,65.5,1,1,67,1,1,95,2,64.86,1
2124,1,61.8,2,47,2,3,54.38,2,0,57,2,56.13,3
2125,0,54,1,77.6,2,3,69.2,2,0,95.65,2,66.94,0
2126,0,64,2,70.2,1,3,61,2,0,50,2,62.5,0
2127,1,67,2,61,1,1,72,2,0,72,2,61.01,1
2128,1,65.2,1,61.4,1,3,64.8,2,1,93.4,2,57.34,1
2129,0,60,1,63,1,2,56,2,1,80,1,56.63,1
2130,1,52,2,55,2,3,56.3,2,0,59,2,64.74,2
2131,1,66,1,76,1,3,72,2,1,84,1,58.95,1
2132,1,72,2,63,2,1,77.5,1,1,78,2,54.48,1
2133,0,83.96,2,53,2,1,91,1,0,59.32,1,69.71,3
2134,0,67,1,70,1,3,65,2,0,88,1,71.96,0
2135,1,69,2,65,2,3,57,2,0,73,1,55.8,1
2136,1,69,2,60,2,3,65,2,0,87.55,2,52.81,1
2137,1,54.2,1,63,2,1,58,2,0,79,1,58.44,0
2138,1,70,1,63,1,1,66,1,0,61.28,1,60.11,2
2139,1,55.68,2,61.33,2,3,56.87,2,0,66,1,58.3,2
2140,0,74,2,73,2,3,73,2,1,80,2,67.69,3
2141,1,61,2,62,2,3,65,2,0,62,2,56.81,1
2142,1,41,1,42,1,1,60,2,0,97,2,53.39,3
2143,1,83.33,1,78,2,3,61,2,1,88.56,2,71.55,1
2144,0,43,1,60,2,1,65,2,0,92.66,1,62.92,0
2145,1,62,1,72,1,3,65,2,0,67,2,56.49,2
2146,1,80.6,2,82,2,3,77.6,2,0,91,2,74.49,1
2147,1,58,2,60,2,1,72,1,0,74,2,53.62,1
2148,1,67,2,67,2,3,73,2,1,59,2,69.72,3
2149,0,74,2,66,2,3,58,2,0,70,1,60.23,1
2150,1,62,1,58,2,1,53,2,0,89,1,60.22,2
